{
  "properties": {
    "connectionReferences": {
      "shared_sharepointonline": {
        "runtimeSource": "embedded",
        "connection": {
          "connectionReferenceLogicalName": "neetrac_sharedsharepointonline_f33e8"
        },
        "api": {
          "name": "shared_sharepointonline"
        }
      }
    },
    "definition": {
      "$schema": "https://schema.management.azure.com/providers/Microsoft.Logic/schemas/2016-06-01/workflowdefinition.json#",
      "contentVersion": "1.0.0.0",
      "parameters": {
        "$authentication": {
          "defaultValue": {},
          "type": "SecureObject"
        },
        "$connections": {
          "defaultValue": {},
          "type": "Object"
        }
      },
      "triggers": {
        "When_an_item_is_created": {
          "recurrence": {
            "frequency": "Minute",
            "interval": 5
          },
          "splitOn": "@triggerOutputs()?['body/value']",
          "type": "OpenApiConnection",
          "inputs": {
            "parameters": {
              "dataset": "https://gtvault.sharepoint.com/sites/neetrac/TestCRLog",
              "table": "446befe1-58f1-499d-ab78-62fa21063975"
            },
            "host": {
              "apiId": "/providers/Microsoft.PowerApps/apis/shared_sharepointonline",
              "connectionName": "shared_sharepointonline",
              "operationId": "GetOnNewItems"
            },
            "authentication": "@parameters('$authentication')"
          },
          "description": "When an item is created in CR Test Log"
        }
      },
      "actions": {
        "Is_Approval_Overidden": {
          "actions": {
            "Create_item_in_Contact": {
              "type": "OpenApiConnection",
              "inputs": {
                "parameters": {
                  "dataset": "https://gtvault.sharepoint.com/sites/neetrac/TestCRLog",
                  "table": "91cc2fef-16f1-49f9-a482-f72f60a6fe16",
                  "item/Title": "@triggerBody()?['NewContactRequest']",
                  "item/field_3": "@triggerBody()?['NewCompanyRequest']",
                  "item/field_4": "@triggerBody()?['NewCompanyRequest']",
                  "item/field_5": "@triggerBody()?['NewCompanyRequest']"
                },
                "host": {
                  "apiId": "/providers/Microsoft.PowerApps/apis/shared_sharepointonline",
                  "connectionName": "shared_sharepointonline",
                  "operationId": "PostItem"
                },
                "authentication": "@parameters('$authentication')"
              },
              "description": "Create new record in contact"
            },
            "Update_item_in_CR_Log": {
              "runAfter": {
                "Create_item_in_Contact": [
                  "Succeeded"
                ]
              },
              "type": "OpenApiConnection",
              "inputs": {
                "parameters": {
                  "dataset": "https://gtvault.sharepoint.com/sites/neetrac/TestCRLog",
                  "table": "446befe1-58f1-499d-ab78-62fa21063975",
                  "id": "@triggerBody()?['ID']",
                  "item/Title": "@triggerBody()?['Title']",
                  "item/Emergency": "@triggerBody()?['Emergency']",
                  "item/CustomerName": [
                    {
                      "Id": "@body('Create_item_in_Contact')?['ID']"
                    }
                  ],
                  "item/FinalOutcome/Value": "@triggerBody()?['FinalOutcome']?['Value']",
                  "item/ProposalAmount_x0028__x0024__x00": 0,
                  "item/ReceivervolunteerstoQuote": "@triggerBody()?['ReceivervolunteerstoQuote']",
                  "item/RequestOrigin/Value": "@triggerBody()?['RequestOrigin']?['Value']",
                  "item/AssignmentsReviewed": "@triggerBody()?['AssignmentsReviewed']",
                  "item/NewCompanyRequest": "  ",
                  "item/NewContactRequest": "   ",
                  "item/NewEmailrequest": "   ",
                  "item/Newphonerequest": "   ",
                  "item/ContactApprovalStatus/Value": "@triggerBody()?['ContactApprovalStatus']?['Value']"
                },
                "host": {
                  "apiId": "/providers/Microsoft.PowerApps/apis/shared_sharepointonline",
                  "connectionName": "shared_sharepointonline",
                  "operationId": "PatchItem"
                },
                "authentication": "@parameters('$authentication')"
              },
              "description": "Clear all New/Requested records and update relevant customer fields"
            },
            "Update_CR_Event_Log": {
              "runAfter": {
                "Update_item_in_CR_Log": [
                  "Succeeded"
                ]
              },
              "type": "OpenApiConnection",
              "inputs": {
                "parameters": {
                  "dataset": "https://gtvault.sharepoint.com/sites/neetrac/TestCRLog",
                  "table": "3ef25a03-2251-4ef2-beca-97a5b75241e1",
                  "item/Title": "@body('Update_item_in_CR_Log')?['Title']",
                  "item/FinalOutcome/Value": "@body('Update_item_in_CR_Log')?['FinalOutcome']?['Value']",
                  "item/DateandTime": "@{utcNow()}",
                  "item/EntryType/Value": "New Entry",
                  "item/Flowname": "Approval Override",
                  "item/FlowStage": "Complete",
                  "item/FlowExecution/Value": "Successful",
                  "item/Fieldsupdated": "All"
                },
                "host": {
                  "apiId": "/providers/Microsoft.PowerApps/apis/shared_sharepointonline",
                  "connectionName": "shared_sharepointonline",
                  "operationId": "PostItem"
                },
                "authentication": "@parameters('$authentication')"
              },
              "description": "Update CR Event Log"
            }
          },
          "runAfter": {},
          "else": {
            "actions": {}
          },
          "expression": {
            "or": [
              {
                "equals": [
                  "@triggerOutputs()?['body/ContactApprovalStatus/Value']",
                  "Approved"
                ]
              }
            ]
          },
          "type": "If",
          "description": "Check if the status is Approved when the record is created"
        }
      },
      "outputs": {}
    },
    "templateName": null
  },
  "schemaVersion": "1.0.0.0"
}