{
  "properties": {
    "connectionReferences": {
      "shared_sharepointonline": {
        "runtimeSource": "embedded",
        "connection": {
          "connectionReferenceLogicalName": "neetrac_sharedsharepointonline_f33e8"
        },
        "api": {
          "name": "shared_sharepointonline"
        }
      },
      "shared_sharepointonline-1": {
        "runtimeSource": "embedded",
        "connection": {
          "connectionReferenceLogicalName": "neetrac_sharedsharepointonline_4aaa9"
        },
        "api": {
          "name": "shared_sharepointonline"
        }
      },
      "shared_office365": {
        "runtimeSource": "embedded",
        "connection": {
          "connectionReferenceLogicalName": "neetrac_sharedoffice365_29e37"
        },
        "api": {
          "name": "shared_office365"
        }
      },
      "shared_approvals": {
        "runtimeSource": "embedded",
        "connection": {
          "connectionReferenceLogicalName": "neetrac_sharedapprovals_2331c"
        },
        "api": {
          "name": "shared_approvals"
        }
      }
    },
    "definition": {
      "$schema": "https://schema.management.azure.com/providers/Microsoft.Logic/schemas/2016-06-01/workflowdefinition.json#",
      "contentVersion": "1.0.0.0",
      "parameters": {
        "$authentication": {
          "defaultValue": {},
          "type": "SecureObject"
        },
        "$connections": {
          "defaultValue": {},
          "type": "Object"
        }
      },
      "triggers": {
        "When_an_item_is_created": {
          "recurrence": {
            "frequency": "Minute",
            "interval": 5
          },
          "splitOn": "@triggerOutputs()?['body/value']",
          "metadata": {
            "operationMetadataId": "58e9a4cb-88f2-4478-968b-0b10d6622165"
          },
          "type": "OpenApiConnection",
          "inputs": {
            "parameters": {
              "dataset": "https://gtvault.sharepoint.com/sites/neetrac/TestCRLog",
              "table": "446befe1-58f1-499d-ab78-62fa21063975"
            },
            "host": {
              "apiId": "/providers/Microsoft.PowerApps/apis/shared_sharepointonline",
              "operationId": "GetOnNewItems",
              "connectionName": "shared_sharepointonline"
            }
          },
          "description": "Trigger -  when an item is created in Test CR Log"
        }
      },
      "actions": {
        "Check_if_Approval_is_Required": {
          "actions": {
            "Update_CR_event_Log_(New_item)_2": {
              "metadata": {
                "operationMetadataId": "05ad8cbd-276b-40a6-ad04-99d0585ca433"
              },
              "type": "OpenApiConnection",
              "inputs": {
                "parameters": {
                  "dataset": "https://gtvault.sharepoint.com/sites/neetrac/TestCRLog",
                  "table": "3ef25a03-2251-4ef2-beca-97a5b75241e1",
                  "item/Title": "@triggerBody()?['Title']",
                  "item/FinalOutcome/Value": "@triggerBody()?['FinalOutcome']?['Value']",
                  "item/DateandTime": "@{utcNow()}",
                  "item/EntryType/Value": "New Entry",
                  "item/Flowname": "\"Approval for adding new customer\"",
                  "item/FlowStage": "Sent For Approval",
                  "item/FlowExecution/Value": "Successful",
                  "item/Fieldsupdated": "All"
                },
                "host": {
                  "apiId": "/providers/Microsoft.PowerApps/apis/shared_sharepointonline",
                  "operationId": "PostItem",
                  "connectionName": "shared_sharepointonline"
                }
              },
              "description": "New record created in CR Event Log for that an approval has been sent"
            },
            "Condition_2": {
              "actions": {
                "Is_it_a_new_contact_being_created": {
                  "actions": {
                    "create_new_record_in_contact_table": {
                      "type": "OpenApiConnection",
                      "inputs": {
                        "parameters": {
                          "dataset": "https://gtvault.sharepoint.com/sites/neetrac/TestCRLog",
                          "table": "91cc2fef-16f1-49f9-a482-f72f60a6fe16",
                          "item/Title": "@triggerBody()?['NewContactRequest']",
                          "item/field_3": "@triggerBody()?['NewCompanyRequest']",
                          "item/field_4": "@triggerBody()?['NewCompanyRequest']",
                          "item/field_5": "@triggerBody()?['NewCompanyRequest']",
                          "item/Number": "@triggerBody()?['Newphonerequest']",
                          "item/field_2": "@triggerBody()?['NewEmailrequest']"
                        },
                        "host": {
                          "apiId": "/providers/Microsoft.PowerApps/apis/shared_sharepointonline",
                          "operationId": "PostItem",
                          "connectionName": "shared_sharepointonline-1"
                        }
                      }
                    },
                    "Update_item": {
                      "runAfter": {
                        "create_new_record_in_contact_table": [
                          "Succeeded"
                        ]
                      },
                      "type": "OpenApiConnection",
                      "inputs": {
                        "parameters": {
                          "dataset": "https://gtvault.sharepoint.com/sites/neetrac/TestCRLog",
                          "table": "446befe1-58f1-499d-ab78-62fa21063975",
                          "id": "@triggerBody()?['ID']",
                          "item/Title": "@triggerBody()?['Title']",
                          "item/Emergency": "@triggerBody()?['Emergency']",
                          "item/ProposalAmount_x0028__x0024__x00": "@triggerBody()?['ProposalAmount_x0028__x0024__x00']",
                          "item/ReceivervolunteerstoQuote": "@triggerBody()?['ReceivervolunteerstoQuote']",
                          "item/RequestOrigin/Value": "@triggerBody()?['RequestOrigin']?['Value']",
                          "item/AssignmentsReviewed": "@triggerBody()?['AssignmentsReviewed']",
                          "item/ContactApprovalStatus/Value": "Approved"
                        },
                        "host": {
                          "apiId": "/providers/Microsoft.PowerApps/apis/shared_sharepointonline",
                          "operationId": "PatchItem",
                          "connectionName": "shared_sharepointonline-1"
                        }
                      }
                    },
                    "create_new_record_in_CR_event_log": {
                      "runAfter": {
                        "Update_item": [
                          "Succeeded"
                        ]
                      },
                      "type": "OpenApiConnection",
                      "inputs": {
                        "parameters": {
                          "dataset": "https://gtvault.sharepoint.com/sites/neetrac/TestCRLog",
                          "table": "3ef25a03-2251-4ef2-beca-97a5b75241e1",
                          "item/Title": "@triggerBody()?['Title']",
                          "item/FinalOutcome/Value": "@triggerBody()?['FinalOutcome']?['Value']",
                          "item/DateandTime": "@{utcNow()}",
                          "item/EntryType/Value": "New Entry",
                          "item/Flowname": "Approval for adding new customer",
                          "item/FlowStage": "Approval for new Contact",
                          "item/FlowExecution/Value": "Successful",
                          "item/Fieldsupdated": "All"
                        },
                        "host": {
                          "apiId": "/providers/Microsoft.PowerApps/apis/shared_sharepointonline",
                          "operationId": "PostItem",
                          "connectionName": "shared_sharepointonline-1"
                        }
                      }
                    }
                  },
                  "else": {
                    "actions": {
                      "Apply_to_each_1": {
                        "foreach": "@triggerBody()?['CustomerName']",
                        "actions": {
                          "Update_Contact_Table_contact_info": {
                            "type": "OpenApiConnection",
                            "inputs": {
                              "parameters": {
                                "dataset": "https://gtvault.sharepoint.com/sites/neetrac/TestCRLog",
                                "table": "91cc2fef-16f1-49f9-a482-f72f60a6fe16",
                                "id": "@item()?['Id']",
                                "item/Title": "@item()?['Value']",
                                "item/Number": "@triggerBody()?['Newphonerequest']",
                                "item/field_2": "@triggerBody()?['NewEmailrequest']"
                              },
                              "host": {
                                "apiId": "/providers/Microsoft.PowerApps/apis/shared_sharepointonline",
                                "operationId": "PatchItem",
                                "connectionName": "shared_sharepointonline-1"
                              }
                            }
                          },
                          "Update_CR_Log_Customer_Details_2": {
                            "runAfter": {
                              "Update_Contact_Table_contact_info": [
                                "Succeeded"
                              ]
                            },
                            "type": "OpenApiConnection",
                            "inputs": {
                              "parameters": {
                                "dataset": "https://gtvault.sharepoint.com/sites/neetrac/TestCRLog",
                                "table": "446befe1-58f1-499d-ab78-62fa21063975",
                                "id": "@triggerBody()?['ID']",
                                "item/Title": "@triggerBody()?['Title']",
                                "item/Emergency": "@triggerBody()?['Emergency']",
                                "item/CustomerName": [
                                  {
                                    "Id": "@item()?['Id']"
                                  }
                                ],
                                "item/FinalOutcome/Value": "@body('Update_CR_event_Log_(New_item)_2')?['FinalOutcome']?['Value']",
                                "item/ProposalAmount_x0028__x0024__x00": "@triggerBody()?['ProposalAmount_x0028__x0024__x00']",
                                "item/QuoteRecovery_x0028__x0024__x002": "@triggerBody()?['QuoteRecovery_x0028__x0024__x002']",
                                "item/ReceivervolunteerstoQuote": "@triggerBody()?['ReceivervolunteerstoQuote']",
                                "item/RequestOrigin/Value": "@triggerBody()?['RequestOrigin']?['Value']",
                                "item/AssignmentsReviewed": "@triggerBody()?['AssignmentsReviewed']",
                                "item/NewCompanyRequest": "\" \"",
                                "item/NewContactRequest": "\" \"",
                                "item/NewEmailrequest": "\" \"",
                                "item/Newphonerequest": "\" \"",
                                "item/ContactApprovalStatus/Value": "Approved"
                              },
                              "host": {
                                "apiId": "/providers/Microsoft.PowerApps/apis/shared_sharepointonline",
                                "operationId": "PatchItem",
                                "connectionName": "shared_sharepointonline-1"
                              }
                            }
                          }
                        },
                        "type": "Foreach"
                      },
                      "create_new_record_in_CR_event_log_2": {
                        "runAfter": {
                          "Apply_to_each_1": [
                            "Succeeded"
                          ]
                        },
                        "type": "OpenApiConnection",
                        "inputs": {
                          "parameters": {
                            "dataset": "https://gtvault.sharepoint.com/sites/neetrac/TestCRLog",
                            "table": "3ef25a03-2251-4ef2-beca-97a5b75241e1",
                            "item/Title": "@triggerBody()?['Title']",
                            "item/FinalOutcome/Value": "@triggerBody()?['FinalOutcome']?['Value']",
                            "item/DateandTime": "@{utcNow()}",
                            "item/EntryType/Value": "New Entry",
                            "item/Flowname": "Approval for adding new customer",
                            "item/FlowStage": "Approval for updating contact",
                            "item/FlowExecution/Value": "Successful",
                            "item/Fieldsupdated": "All"
                          },
                          "host": {
                            "apiId": "/providers/Microsoft.PowerApps/apis/shared_sharepointonline",
                            "operationId": "PostItem",
                            "connectionName": "shared_sharepointonline-1"
                          }
                        }
                      }
                    }
                  },
                  "expression": {
                    "and": [
                      {
                        "equals": [
                          "@triggerBody()?['ContactApprovalStatus']?['Value']",
                          "Pending"
                        ]
                      }
                    ]
                  },
                  "type": "If"
                }
              },
              "runAfter": {
                "Apply_to_each": [
                  "Succeeded"
                ]
              },
              "else": {
                "actions": {
                  "Approval_rejection_email": {
                    "type": "OpenApiConnection",
                    "inputs": {
                      "parameters": {
                        "emailMessage/To": "@{triggerBody()?['AssignedTo']?['Email']};Ashan@gatech.edu;dylan.summer@neetrac.gatech.edu",
                        "emailMessage/Subject": "Approval rejected",
                        "emailMessage/Body": "<p>Someone rejected this request</p>",
                        "emailMessage/Importance": "Normal"
                      },
                      "host": {
                        "apiId": "/providers/Microsoft.PowerApps/apis/shared_office365",
                        "operationId": "SendEmailV2",
                        "connectionName": "shared_office365"
                      }
                    }
                  }
                }
              },
              "expression": {
                "and": [
                  {
                    "equals": [
                      "@body('start_and_wait_for_an_approval')?['outcome']",
                      "Approve"
                    ]
                  }
                ]
              },
              "type": "If"
            },
            "Apply_to_each": {
              "foreach": "@triggerBody()?['CustomerName']",
              "actions": {
                "condition": {
                  "actions": {
                    "start_and_wait_for_an_approval": {
                      "metadata": {
                        "operationMetadataId": "b38755e3-8278-4e42-ad22-906abfa8e2a0"
                      },
                      "type": "OpenApiConnectionWebhook",
                      "inputs": {
                        "parameters": {
                          "approvalType": "Basic",
                          "WebhookApprovalCreationInput/title": "New contact request",
                          "WebhookApprovalCreationInput/assignedTo": "Ashan@gatech.edu;dylan.summer@neetrac.gatech.edu",
                          "WebhookApprovalCreationInput/details": "Item Link: @{triggerBody()?['{Link}']}\nCompany : @{item()?['Value']} \n\nNew Company: @{triggerBody()?['NewCompanyRequest']}\nNew Customer Contact: @{triggerBody()?['NewContactRequest']}\nNew Email: @{triggerBody()?['NewEmailrequest']}\nNew Phone number:  @{triggerBody()?['Newphonerequest']}\n ",
                          "WebhookApprovalCreationInput/itemLink": "@{triggerOutputs()?['{Link}']}",
                          "WebhookApprovalCreationInput/itemLinkDescription": "Link to record given here: @{triggerBody()?['{Link}']}\n",
                          "WebhookApprovalCreationInput/enableNotifications": true,
                          "WebhookApprovalCreationInput/enableReassignment": true
                        },
                        "host": {
                          "apiId": "/providers/Microsoft.PowerApps/apis/shared_approvals",
                          "operationId": "StartAndWaitForAnApproval",
                          "connectionName": "shared_approvals"
                        }
                      },
                      "description": "Send an approval request to Ashan Deen and Dylan Summer"
                    }
                  },
                  "else": {
                    "actions": {
                      "start_and_wait_for_an_approval_2": {
                        "metadata": {
                          "operationMetadataId": "09d0b22d-9319-4f2c-8eb6-fe1465def7a6"
                        },
                        "type": "OpenApiConnectionWebhook",
                        "inputs": {
                          "parameters": {
                            "approvalType": "Basic",
                            "WebhookApprovalCreationInput/title": "New contact request",
                            "WebhookApprovalCreationInput/assignedTo": "Ashan@gatech.edu;dylan.summer@neetrac.gatech.edu",
                            "WebhookApprovalCreationInput/details": "Item Link: @{triggerBody()?['{Link}']}\nCompany : @{item()?['Value']} \n\nNew Company: @{triggerBody()?['NewCompanyRequest']}\nNew Customer Contact: @{triggerBody()?['NewContactRequest']}\nNew Email: @{triggerBody()?['NewEmailrequest']}\nNew Phone number:  @{triggerBody()?['Newphonerequest']}\n ",
                            "WebhookApprovalCreationInput/itemLink": "@{triggerOutputs()?['{Link}']}",
                            "WebhookApprovalCreationInput/itemLinkDescription": "Link to record given here: @{triggerBody()?['{Link}']}\n",
                            "WebhookApprovalCreationInput/enableNotifications": true,
                            "WebhookApprovalCreationInput/enableReassignment": true
                          },
                          "host": {
                            "apiId": "/providers/Microsoft.PowerApps/apis/shared_approvals",
                            "operationId": "StartAndWaitForAnApproval",
                            "connectionName": "shared_approvals"
                          }
                        },
                        "description": "Send an approval request to Ashan Deen and Dylan Summer"
                      }
                    }
                  },
                  "expression": {
                    "and": [
                      {
                        "equals": [
                          "",
                          ""
                        ]
                      }
                    ]
                  },
                  "metadata": {
                    "operationMetadataId": "dff350b3-7574-4f26-af80-81a41aa8777e"
                  },
                  "type": "If"
                }
              },
              "runAfter": {
                "Update_CR_event_Log_(New_item)_2": [
                  "Succeeded"
                ]
              },
              "type": "Foreach"
            }
          },
          "runAfter": {},
          "else": {
            "actions": {
              "Update_CR_event_Log_(New_Item)_1": {
                "metadata": {
                  "operationMetadataId": "200e8fae-d0ad-44b7-a5ee-6b813010b76e"
                },
                "type": "OpenApiConnection",
                "inputs": {
                  "parameters": {
                    "dataset": "https://gtvault.sharepoint.com/sites/neetrac/TestCRLog",
                    "table": "3ef25a03-2251-4ef2-beca-97a5b75241e1",
                    "item/Title": "@{triggerBody()?['Title']}",
                    "item/FinalOutcome/Value": "@triggerBody()?['FinalOutcome']?['Value']",
                    "item/DateandTime": "@{utcNow()}",
                    "item/EntryType/Value": "New Entry",
                    "item/Flowname": "Approval for adding new customer",
                    "item/FlowStage": "Approval not required",
                    "item/FlowExecution/Value": "Successful",
                    "item/Fieldsupdated": "All"
                  },
                  "host": {
                    "apiId": "/providers/Microsoft.PowerApps/apis/shared_sharepointonline",
                    "operationId": "PostItem",
                    "connectionName": "shared_sharepointonline"
                  }
                }
              }
            }
          },
          "expression": {
            "or": [
              {
                "equals": [
                  "@triggerBody()?['ContactApprovalStatus']?['Value']",
                  "Pending"
                ]
              },
              {
                "equals": [
                  "@triggerBody()?['ContactApprovalStatus']?['Value']",
                  "Update Contact"
                ]
              }
            ]
          },
          "metadata": {
            "operationMetadataId": "26172d17-fc67-4f70-b73a-c7c4b08241a8"
          },
          "type": "If",
          "description": "Checks if the ContactAproval Field is \"Pending\" or \"Update Contact\""
        }
      },
      "outputs": {}
    },
    "templateName": null
  },
  "schemaVersion": "1.0.0.0"
}