{
  "properties": {
    "connectionReferences": {
      "shared_sharepointonline": {
        "runtimeSource": "embedded",
        "connection": {
          "connectionReferenceLogicalName": "neetrac_sharedsharepointonline_4aaa9"
        },
        "api": {
          "name": "shared_sharepointonline"
        }
      },
      "shared_office365users": {
        "runtimeSource": "embedded",
        "connection": {
          "connectionReferenceLogicalName": "new_sharedoffice365users_3dcb5"
        },
        "api": {
          "name": "shared_office365users"
        }
      }
    },
    "definition": {
      "$schema": "https://schema.management.azure.com/providers/Microsoft.Logic/schemas/2016-06-01/workflowdefinition.json#",
      "contentVersion": "1.0.0.0",
      "parameters": {
        "$authentication": {
          "defaultValue": {},
          "type": "SecureObject"
        },
        "$connections": {
          "defaultValue": {},
          "type": "Object"
        }
      },
      "triggers": {
        "When_an_item_is_created": {
          "recurrence": {
            "frequency": "Minute",
            "interval": 5
          },
          "splitOn": "@triggerOutputs()?['body/value']",
          "metadata": {
            "operationMetadataId": "d77cb9ae-17b6-4804-aca5-5e8d803c6a13"
          },
          "type": "OpenApiConnection",
          "inputs": {
            "parameters": {
              "dataset": "https://gtvault.sharepoint.com/sites/neetrac/TestCRLog",
              "table": "dc3ff691-b153-4724-bd4b-c8da2e576d87"
            },
            "host": {
              "apiId": "/providers/Microsoft.PowerApps/apis/shared_sharepointonline",
              "operationId": "GetOnNewItems",
              "connectionName": "shared_sharepointonline"
            }
          }
        }
      },
      "actions": {
        "Get_user_profile_(V2)": {
          "runAfter": {},
          "metadata": {
            "operationMetadataId": "c79a4acb-b842-4d4d-84e5-9f1a63c0d6fe"
          },
          "type": "OpenApiConnection",
          "inputs": {
            "parameters": {
              "id": "@triggerOutputs()?['body/Email']"
            },
            "host": {
              "apiId": "/providers/Microsoft.PowerApps/apis/shared_office365users",
              "operationId": "UserProfile_V2",
              "connectionName": "shared_office365users"
            }
          }
        },
        "Update_item": {
          "runAfter": {
            "Get_user_profile_(V2)": [
              "Succeeded"
            ]
          },
          "metadata": {
            "operationMetadataId": "8ba10931-ea25-48e5-ac3f-ab8b816a322e"
          },
          "type": "OpenApiConnection",
          "inputs": {
            "parameters": {
              "dataset": "https://gtvault.sharepoint.com/sites/neetrac/TestCRLog",
              "table": "dc3ff691-b153-4724-bd4b-c8da2e576d87",
              "id": "@triggerOutputs()?['body/ID']",
              "item/Title": "@outputs('Get_user_profile_(V2)')?['body/displayName']",
              "item/LeadershipTeam": "@triggerOutputs()?['body/LeadershipTeam']",
              "item/DisplayName": "@outputs('Get_user_profile_(V2)')?['body/displayName']",
              "item/Email": "@outputs('Get_user_profile_(V2)')?['body/mail']",
              "item/OriginalGatechemail": "@outputs('Get_user_profile_(V2)')?['body/userPrincipalName']",
              "item/FullName": "@{outputs('Get_user_profile_(V2)')?['body/givenName']} @{outputs('Get_user_profile_(V2)')?['body/surname']}"
            },
            "host": {
              "apiId": "/providers/Microsoft.PowerApps/apis/shared_sharepointonline",
              "operationId": "PatchItem",
              "connectionName": "shared_sharepointonline"
            }
          }
        }
      }
    },
    "templateName": null
  },
  "schemaVersion": "1.0.0.0"
}