{
  "properties": {
    "connectionReferences": {
      "shared_sharepointonline": {
        "runtimeSource": "embedded",
        "connection": {
          "connectionReferenceLogicalName": "neetrac_sharedsharepointonline_4aaa9"
        },
        "api": {
          "name": "shared_sharepointonline"
        }
      }
    },
    "definition": {
      "$schema": "https://schema.management.azure.com/providers/Microsoft.Logic/schemas/2016-06-01/workflowdefinition.json#",
      "contentVersion": "1.0.0.0",
      "parameters": {
        "$authentication": {
          "defaultValue": {},
          "type": "SecureObject"
        },
        "$connections": {
          "defaultValue": {},
          "type": "Object"
        }
      },
      "triggers": {
        "When_an_item_is_created": {
          "recurrence": {
            "frequency": "Minute",
            "interval": 5
          },
          "splitOn": "@triggerOutputs()?['body/value']",
          "type": "OpenApiConnection",
          "inputs": {
            "parameters": {
              "dataset": "https://gtvault.sharepoint.com/sites/neetrac/TestCRLog",
              "table": "dc3ff691-b153-4724-bd4b-c8da2e576d87"
            },
            "host": {
              "apiId": "/providers/Microsoft.PowerApps/apis/shared_sharepointonline",
              "operationId": "GetOnNewItems",
              "connectionName": "shared_sharepointonline"
            }
          }
        }
      },
      "actions": {
        "Get_items": {
          "runAfter": {},
          "metadata": {
            "operationMetadataId": "33186f13-48e9-45f7-b71d-e218edd9be60"
          },
          "type": "OpenApiConnection",
          "inputs": {
            "parameters": {
              "dataset": "https://gtvault.sharepoint.com/sites/neetrac/TestCRLog",
              "table": "dc3ff691-b153-4724-bd4b-c8da2e576d87",
              "viewScopeOption": "RecursiveAll"
            },
            "host": {
              "apiId": "/providers/Microsoft.PowerApps/apis/shared_sharepointonline",
              "operationId": "GetItems",
              "connectionName": "shared_sharepointonline"
            }
          },
          "runtimeConfiguration": {
            "paginationPolicy": {
              "minimumItemCount": 1000
            }
          }
        },
        "Apply_to_each": {
          "foreach": "@outputs('Get_items')?['body/value']",
          "actions": {
            "Condition": {
              "actions": {
                "Update_item": {
                  "metadata": {
                    "operationMetadataId": "70e11a75-2ef2-4e77-a917-7425c0790a5f"
                  },
                  "type": "OpenApiConnection",
                  "inputs": {
                    "parameters": {
                      "dataset": "https://gtvault.sharepoint.com/sites/neetrac/TestCRLog",
                      "table": "dc3ff691-b153-4724-bd4b-c8da2e576d87",
                      "id": "@items('Apply_to_each')?['ID']",
                      "item/Title": "@items('Apply_to_each')?['Title']",
                      "item/Email": "@item()?['Email']",
                      "item/LeadershipTeam": "@items('Apply_to_each')?['LeadershipTeam']",
                      "item/DisplayName": "@items('Apply_to_each')?['Title']",
                      "item/Role/Value": "@items('Apply_to_each')?['Role/Value']",
                      "item/Supervisor/Value": "@items('Apply_to_each')?['Supervisor/Value']"
                    },
                    "host": {
                      "apiId": "/providers/Microsoft.PowerApps/apis/shared_sharepointonline",
                      "operationId": "PatchItem",
                      "connectionName": "shared_sharepointonline"
                    }
                  }
                }
              },
              "else": {
                "actions": {}
              },
              "expression": {
                "not": {
                  "equals": [
                    "@items('Apply_to_each')?['DisplayName']",
                    "@items('Apply_to_each')?['Title']"
                  ]
                }
              },
              "metadata": {
                "operationMetadataId": "ff49e689-8701-46b8-ae9e-94ee68fa5f14"
              },
              "type": "If"
            }
          },
          "runAfter": {
            "Get_items": [
              "Succeeded"
            ]
          },
          "metadata": {
            "operationMetadataId": "36fffae2-0a0a-452c-9499-e89a01397aa6"
          },
          "type": "Foreach"
        }
      }
    },
    "templateName": null
  },
  "schemaVersion": "1.0.0.0"
}