{
  "properties": {
    "connectionReferences": {
      "shared_sharepointonline": {
        "runtimeSource": "embedded",
        "connection": {
          "connectionReferenceLogicalName": "neetrac_sharedsharepointonline_4aaa9"
        },
        "api": {
          "name": "shared_sharepointonline"
        }
      },
      "shared_office365-2": {
        "runtimeSource": "embedded",
        "connection": {
          "connectionReferenceLogicalName": "neetrac_sharedoffice365_d014c"
        },
        "api": {
          "name": "shared_office365"
        }
      }
    },
    "definition": {
      "$schema": "https://schema.management.azure.com/providers/Microsoft.Logic/schemas/2016-06-01/workflowdefinition.json#",
      "contentVersion": "1.0.0.0",
      "parameters": {
        "$authentication": {
          "defaultValue": {},
          "type": "SecureObject"
        },
        "$connections": {
          "defaultValue": {},
          "type": "Object"
        }
      },
      "triggers": {
        "When_an_item_or_a_file_is_modified": {
          "recurrence": {
            "frequency": "Minute",
            "interval": 5
          },
          "splitOn": "@triggerOutputs()?['body/value']",
          "metadata": {
            "operationMetadataId": "347c9ee5-5950-457f-8221-249697ead437"
          },
          "type": "OpenApiConnection",
          "inputs": {
            "parameters": {
              "dataset": "https://gtvault.sharepoint.com/sites/neetrac/TestCRLog",
              "table": "446befe1-58f1-499d-ab78-62fa21063975"
            },
            "host": {
              "apiId": "/providers/Microsoft.PowerApps/apis/shared_sharepointonline",
              "operationId": "GetOnChangedItems",
              "connectionName": "shared_sharepointonline"
            }
          }
        }
      },
      "actions": {
        "Condition_2": {
          "actions": {
            "For_each": {
              "foreach": "@triggerOutputs()?['body']?['CustomerName']",
              "actions": {
                "For_each_1": {
                  "foreach": "@triggerOutputs()?['body']?['Customer_x0020_Name_x003a__x0020']",
                  "actions": {
                    "Apply_to_each": {
                      "foreach": "@triggerOutputs()?['body/CustomerName']",
                      "actions": {
                        "Send_an_email_(V2)": {
                          "metadata": {
                            "operationMetadataId": "ae9adf82-14f0-4d11-a622-9900da237552"
                          },
                          "type": "OpenApiConnection",
                          "inputs": {
                            "parameters": {
                              "emailMessage/To": "dylan.summer@neetrac.gatech.edu; Ashan@gatech.edu;@{triggerOutputs()?['body/AssignedTo/Email']};@{triggerOutputs()?['body/Editor/Email']}",
                              "emailMessage/Subject": "Update to @{triggerOutputs()?['body/Title']} for ",
                              "emailMessage/Body": "<p class=\"editor-paragraph\">CR Number: &nbsp;@{triggerOutputs()?['body/Title']}</p><p class=\"editor-paragraph\">Request Type: @{triggerOutputs()?['body/RequestType/Value']}</p><p class=\"editor-paragraph\">Request Summary: @{triggerBody()?['RequestSummary']}</p><p class=\"editor-paragraph\">Supervisor: &nbsp;@{triggerOutputs()?['body/Supervisor/DisplayName']}</p><p class=\"editor-paragraph\">Assigned To: @{triggerOutputs()?['body/AssignedTo/DisplayName']}</p><p class=\"editor-paragraph\">Customer Name: @{items('Apply_to_each')?['Value']}</p><p class=\"editor-paragraph\">Emergency : Yes</p><p class=\"editor-paragraph\">Proposal Reviewer: @{triggerBody()?['ProposalReviewer_x0028_Datastore']?['DisplayName']}</p><p class=\"editor-paragraph\">Final Outcome: @{triggerBody()?['FinalOutcome']?['Value']}</p><p class=\"editor-paragraph\">Comments: @{triggerBody()?['Comment']}</p><br><br><p class=\"editor-paragraph\"><a class=\"editor-link\" href=\"@{triggerOutputs()?['body/{Link}']}\">Item Link</a> </p>",
                              "emailMessage/Importance": "Normal"
                            },
                            "host": {
                              "apiId": "/providers/Microsoft.PowerApps/apis/shared_office365",
                              "operationId": "SendEmailV2",
                              "connectionName": "shared_office365-2"
                            }
                          }
                        }
                      },
                      "metadata": {
                        "operationMetadataId": "2e6396e8-aa4e-48a4-9bc7-a1c8038bee15"
                      },
                      "type": "Foreach"
                    }
                  },
                  "metadata": {
                    "operationMetadataId": "6faf8abe-7780-42b2-911d-4ba13f589e6d"
                  },
                  "type": "Foreach"
                }
              },
              "metadata": {
                "operationMetadataId": "b91d3e6a-7729-4a82-ba47-5783c419aa42"
              },
              "type": "Foreach"
            }
          },
          "runAfter": {},
          "else": {
            "actions": {
              "For_each_2": {
                "foreach": "@triggerOutputs()?['body']?['CustomerName']",
                "actions": {
                  "For_each_3": {
                    "foreach": "@triggerOutputs()?['body']?['Customer_x0020_Name_x003a__x0020']",
                    "actions": {
                      "Apply_to_each_2": {
                        "foreach": "@triggerOutputs()?['body/CustomerName']",
                        "actions": {
                          "Send_an_email_(V2)_2": {
                            "metadata": {
                              "operationMetadataId": "ae9adf82-14f0-4d11-a622-9900da237552"
                            },
                            "type": "OpenApiConnection",
                            "inputs": {
                              "parameters": {
                                "emailMessage/To": "dylan.summer@neetrac.gatech.edu; Ashan@gatech.edu;@{triggerOutputs()?['body/AssignedTo/Email']};@{triggerOutputs()?['body/Editor/Email']}",
                                "emailMessage/Subject": "Update to @{triggerOutputs()?['body/Title']} for ",
                                "emailMessage/Body": "<p class=\"editor-paragraph\">CR Number: &nbsp; @{triggerBody()?['Title']}</p><p class=\"editor-paragraph\">Request Type: @{triggerBody()?['RequestType']?['Value']}</p><p class=\"editor-paragraph\">Request Summary: @{triggerBody()?['RequestSummary']}</p><p class=\"editor-paragraph\">Supervisor: &nbsp; @{triggerBody()?['Supervisor']?['DisplayName']}</p><p class=\"editor-paragraph\">Assigned To: @{triggerBody()?['AssignedTo']?['DisplayName']}</p><p class=\"editor-paragraph\">Customer Name: @{item()?['Value']}</p><p class=\"editor-paragraph\">Proposal Reviewer: @{triggerBody()?['ProposalReviewer_x0028_Datastore']?['DisplayName']}</p><p class=\"editor-paragraph\">Final Outcome: @{triggerBody()?['FinalOutcome']?['Value']}</p><p class=\"editor-paragraph\">Comments: @{triggerBody()?['Comment']}</p><br><p class=\"editor-paragraph\"><a class=\"editor-link\" href=\"@{triggerBody()?['{Link}']}\">Item Link </a></p>",
                                "emailMessage/Importance": "Normal"
                              },
                              "host": {
                                "apiId": "/providers/Microsoft.PowerApps/apis/shared_office365",
                                "operationId": "SendEmailV2",
                                "connectionName": "shared_office365-2"
                              }
                            }
                          }
                        },
                        "metadata": {
                          "operationMetadataId": "7d37d402-62d7-46e7-8bc2-7483c7dd40a3"
                        },
                        "type": "Foreach"
                      }
                    },
                    "metadata": {
                      "operationMetadataId": "6faf8abe-7780-42b2-911d-4ba13f589e6d"
                    },
                    "type": "Foreach"
                  }
                },
                "metadata": {
                  "operationMetadataId": "b91d3e6a-7729-4a82-ba47-5783c419aa42"
                },
                "type": "Foreach"
              }
            }
          },
          "expression": {
            "equals": [
              "@triggerOutputs()?['body/Emergency']",
              true
            ]
          },
          "metadata": {
            "operationMetadataId": "8af4bf7b-3894-442a-8058-b5d1123ab07f"
          },
          "type": "If"
        }
      },
      "outputs": {}
    },
    "templateName": null
  },
  "schemaVersion": "1.0.0.0"
}