{
  "properties": {
    "connectionReferences": {
      "shared_sharepointonline": {
        "runtimeSource": "embedded",
        "connection": {
          "connectionReferenceLogicalName": "neetrac_sharedsharepointonline_4aaa9"
        },
        "api": {
          "name": "shared_sharepointonline"
        }
      },
      "shared_approvals": {
        "runtimeSource": "embedded",
        "connection": {
          "connectionReferenceLogicalName": "neetrac_sharedapprovals_2331c"
        },
        "api": {
          "name": "shared_approvals"
        }
      }
    },
    "definition": {
      "$schema": "https://schema.management.azure.com/providers/Microsoft.Logic/schemas/2016-06-01/workflowdefinition.json#",
      "contentVersion": "1.0.0.0",
      "parameters": {
        "$authentication": {
          "defaultValue": {},
          "type": "SecureObject"
        },
        "$connections": {
          "defaultValue": {},
          "type": "Object"
        }
      },
      "triggers": {
        "When_an_item_is_created": {
          "recurrence": {
            "frequency": "Minute",
            "interval": 5
          },
          "splitOn": "@triggerOutputs()?['body/value']",
          "metadata": {
            "operationMetadataId": "82fc21c7-7028-40c4-80cd-e0118d8e3658"
          },
          "type": "OpenApiConnection",
          "inputs": {
            "parameters": {
              "dataset": "https://gtvault.sharepoint.com/sites/neetrac",
              "table": "9a1c2706-9d40-4be3-b116-318dd89409f9"
            },
            "host": {
              "apiId": "/providers/Microsoft.PowerApps/apis/shared_sharepointonline",
              "connectionName": "shared_sharepointonline",
              "operationId": "GetOnNewItems"
            },
            "authentication": "@parameters('$authentication')"
          }
        }
      },
      "actions": {
        "Start_and_wait_for_an_approval": {
          "runAfter": {
            "Update_item": [
              "Succeeded"
            ]
          },
          "metadata": {
            "operationMetadataId": "8c81d8ea-5c32-4bae-a2fc-6d3cfda9d53d"
          },
          "type": "OpenApiConnectionWebhook",
          "inputs": {
            "parameters": {
              "approvalType": "BasicAwaitAll",
              "WebhookApprovalCreationInput/title": "Approval for @{outputs('Update_item')?['body/EmployeeName']}",
              "WebhookApprovalCreationInput/assignedTo": "ashan@gatech.edu;",
              "WebhookApprovalCreationInput/details": "@{outputs('Update_item')?['body/Title']}@{outputs('Update_item')?['body/Role/Value']}",
              "WebhookApprovalCreationInput/itemLink": "@outputs('Update_item')?['body/{Link}']",
              "WebhookApprovalCreationInput/itemLinkDescription": "@outputs('Update_item')?['body/EmployeeName']",
              "WebhookApprovalCreationInput/enableNotifications": true,
              "WebhookApprovalCreationInput/enableReassignment": true
            },
            "host": {
              "apiId": "/providers/Microsoft.PowerApps/apis/shared_approvals",
              "connectionName": "shared_approvals",
              "operationId": "StartAndWaitForAnApproval"
            },
            "authentication": "@parameters('$authentication')"
          }
        },
        "Condition": {
          "actions": {
            "Update_item_2": {
              "metadata": {
                "operationMetadataId": "be34ae19-f08d-4fca-87a2-3ba0623a6d07"
              },
              "type": "OpenApiConnection",
              "inputs": {
                "parameters": {
                  "dataset": "https://gtvault.sharepoint.com/sites/neetrac",
                  "table": "9a1c2706-9d40-4be3-b116-318dd89409f9",
                  "id": "@outputs('Update_item')?['body/ID']",
                  "item/Title": "@outputs('Update_item')?['body/Title']",
                  "item/RecievedBy": [
                    {
                      "Claims": "i:0#.f|membership|adeen3@gatech.edu"
                    }
                  ],
                  "item/EmployeeName": "@outputs('Update_item')?['body/EmployeeName']",
                  "item/Role/Value": "@outputs('Update_item')?['body/Role/Value']",
                  "item/Bio": "@{outputs('Update_item')?['body/Bio']}@{outputs('Style_HTML_table')}",
                  "item/Status": "Approved"
                },
                "host": {
                  "apiId": "/providers/Microsoft.PowerApps/apis/shared_sharepointonline",
                  "connectionName": "shared_sharepointonline",
                  "operationId": "PatchItem"
                },
                "authentication": "@parameters('$authentication')"
              }
            }
          },
          "runAfter": {
            "Style_HTML_table": [
              "Succeeded"
            ]
          },
          "else": {
            "actions": {
              "Update_item_3": {
                "metadata": {
                  "operationMetadataId": "27415afd-d1f6-4ee5-b1f8-eb51859be277"
                },
                "type": "OpenApiConnection",
                "inputs": {
                  "parameters": {
                    "dataset": "https://gtvault.sharepoint.com/sites/neetrac",
                    "table": "9a1c2706-9d40-4be3-b116-318dd89409f9",
                    "id": "@outputs('Update_item')?['body/ID']",
                    "item/Title": "@outputs('Update_item')?['body/Title']",
                    "item/RecievedBy": [
                      {
                        "Claims": "i:0#.f|membership|adeen3@gatech.edu"
                      }
                    ],
                    "item/EmployeeName": "@outputs('Update_item')?['body/EmployeeName']",
                    "item/Role/Value": "@outputs('Update_item')?['body/Role/Value']",
                    "item/Bio": "@{outputs('Update_item')?['body/Bio']}@{outputs('Style_HTML_table')}",
                    "item/Status": "Rejected\n"
                  },
                  "host": {
                    "apiId": "/providers/Microsoft.PowerApps/apis/shared_sharepointonline",
                    "connectionName": "shared_sharepointonline",
                    "operationId": "PatchItem"
                  },
                  "authentication": "@parameters('$authentication')"
                }
              }
            }
          },
          "expression": {
            "not": {
              "contains": [
                "@outputs('Start_and_wait_for_an_approval')?['body/outcome']",
                "Reject"
              ]
            }
          },
          "metadata": {
            "operationMetadataId": "65f0365a-58bb-4720-b6aa-807f8e052e85"
          },
          "type": "If"
        },
        "Create_HTML_table": {
          "runAfter": {
            "Start_and_wait_for_an_approval": [
              "Succeeded"
            ]
          },
          "metadata": {
            "operationMetadataId": "baaed4bf-481b-4fcc-b017-7d73862d768d"
          },
          "type": "Table",
          "inputs": {
            "from": "@outputs('Start_and_wait_for_an_approval')?['body/responses']",
            "format": "HTML",
            "columns": [
              {
                "header": "Approver",
                "value": "@item()?['responder/displayName']"
              },
              {
                "header": "ResponseTime.(hh:mm:ss)",
                "value": "@dateDifference(item()?['requestDate'],item()?['responseDate'])"
              },
              {
                "header": "Decision",
                "value": "@item()?['approverResponse']"
              },
              {
                "header": "Comments",
                "value": "@item()?['comments']"
              }
            ]
          }
        },
        "Style_HTML_table": {
          "runAfter": {
            "Create_HTML_table": [
              "Succeeded"
            ]
          },
          "metadata": {
            "operationMetadataId": "afa72ab3-fbaa-4d3b-b147-fa4ff45d8daf"
          },
          "type": "Compose",
          "inputs": "@replace(replace(replace(body('Create_HTML_table'),'<table>','<table border=\"1px solid #ddd\" width=\"100%\" '),'<td>','<td style=\"padding:10px\">'),'<th>','<th style=\"padding:10px\">')"
        },
        "Update_item": {
          "runAfter": {},
          "metadata": {
            "operationMetadataId": "efc99d32-aadf-4ed3-beb2-29911b49b49f"
          },
          "type": "OpenApiConnection",
          "inputs": {
            "parameters": {
              "dataset": "https://gtvault.sharepoint.com/sites/neetrac",
              "table": "9a1c2706-9d40-4be3-b116-318dd89409f9",
              "id": "@triggerOutputs()?['body/ID']",
              "item/Title": "@triggerOutputs()?['body/Title']",
              "item/RecievedBy": [
                {
                  "Claims": "i:0#.f|membership|adeen3@gatech.edu"
                }
              ],
              "item/EmployeeName": "@triggerOutputs()?['body/EmployeeName']",
              "item/Role/Value": "@triggerOutputs()?['body/Role/Value']",
              "item/Bio": "@triggerOutputs()?['body/Bio']",
              "item/Status": "Under Review"
            },
            "host": {
              "apiId": "/providers/Microsoft.PowerApps/apis/shared_sharepointonline",
              "connectionName": "shared_sharepointonline",
              "operationId": "PatchItem"
            },
            "authentication": "@parameters('$authentication')"
          }
        }
      }
    },
    "templateName": null
  },
  "schemaVersion": "1.0.0.0"
}