{
  "properties": {
    "connectionReferences": {
      "shared_sharepointonline": {
        "runtimeSource": "embedded",
        "connection": {
          "connectionReferenceLogicalName": "neetrac_sharedsharepointonline_f33e8"
        },
        "api": {
          "name": "shared_sharepointonline"
        }
      },
      "shared_office365": {
        "runtimeSource": "embedded",
        "connection": {
          "connectionReferenceLogicalName": "neetrac_sharedoffice365_d014c"
        },
        "api": {
          "name": "shared_office365"
        }
      },
      "shared_sharepointonline-1": {
        "runtimeSource": "embedded",
        "connection": {
          "connectionReferenceLogicalName": "neetrac_sharedsharepointonline_4aaa9"
        },
        "api": {
          "name": "shared_sharepointonline"
        }
      }
    },
    "definition": {
      "$schema": "https://schema.management.azure.com/providers/Microsoft.Logic/schemas/2016-06-01/workflowdefinition.json#",
      "contentVersion": "1.0.0.0",
      "parameters": {
        "$authentication": {
          "defaultValue": {},
          "type": "SecureObject"
        },
        "$connections": {
          "defaultValue": {},
          "type": "Object"
        }
      },
      "triggers": {
        "When_an_item_is_created": {
          "recurrence": {
            "frequency": "Minute",
            "interval": 5
          },
          "splitOn": "@triggerOutputs()?['body/value']",
          "metadata": {
            "operationMetadataId": "fdd2bad7-f3e4-47f1-abdd-059daa8527ce"
          },
          "type": "OpenApiConnection",
          "inputs": {
            "parameters": {
              "dataset": "https://gtvault.sharepoint.com/sites/neetrac/TestCRLog",
              "table": "446befe1-58f1-499d-ab78-62fa21063975"
            },
            "host": {
              "apiId": "/providers/Microsoft.PowerApps/apis/shared_sharepointonline",
              "operationId": "GetOnNewItems",
              "connectionName": "shared_sharepointonline"
            }
          },
          "description": "Trigger - Item Created in the Test CR Log List"
        }
      },
      "actions": {
        "Condition": {
          "actions": {
            "Apply_to_each": {
              "foreach": "@triggerOutputs()?['body/CustomerName']",
              "actions": {
                "Send_an_email_(V2)": {
                  "metadata": {
                    "operationMetadataId": "83429df1-4977-4831-a459-7db23cdf7226"
                  },
                  "type": "OpenApiConnection",
                  "inputs": {
                    "parameters": {
                      "emailMessage/To": "ashan@gatech.edu;@{triggerOutputs()?['body/AssignedTo/Email']};@{triggerOutputs()?['body/Supervisor/Email']};@{triggerBody()?['Author']?['Email']};dylan.summer@neetrac.gatech.edu",
                      "emailMessage/Subject": "Item @{body('Update_item')?['Title']} Created",
                      "emailMessage/Body": "<p class=\"editor-paragraph\">CR Number: &nbsp;@{body('Update_item')?['Title']}</p><p class=\"editor-paragraph\">Request Type: @{triggerOutputs()?['body/RequestType/Value']}</p><p class=\"editor-paragraph\">Request Summary: @{triggerBody()?['RequestSummary']}</p><p class=\"editor-paragraph\">Supervisor: &nbsp;@{triggerOutputs()?['body/Supervisor/DisplayName']}</p><p class=\"editor-paragraph\">Assigned To: @{triggerOutputs()?['body/AssignedTo/DisplayName']}</p><p class=\"editor-paragraph\">Customer Name: @{items('Apply_to_each')?['Value']}</p><p class=\"editor-paragraph\">Emergency : Yes</p><p class=\"editor-paragraph\">Proposal Reviewer: @{triggerBody()?['ProposalReviewer_x0028_Datastore']?['DisplayName']}</p><p class=\"editor-paragraph\">Brief Description: @{triggerBody()?['BriefDescription']}</p><p class=\"editor-paragraph\">Final Outcome: @{triggerBody()?['FinalOutcome']?['Value']}</p><p class=\"editor-paragraph\">Comments: @{triggerBody()?['Comment']}</p><br><br><p class=\"editor-paragraph\"><a class=\"editor-link\" href=\"@{triggerOutputs()?['body/{Link}']}\">Item Link</a></p>",
                      "emailMessage/Importance": "Normal"
                    },
                    "host": {
                      "apiId": "/providers/Microsoft.PowerApps/apis/shared_office365",
                      "operationId": "SendEmailV2",
                      "connectionName": "shared_office365"
                    }
                  },
                  "description": "Mentions in Email that there is an emergency"
                }
              },
              "metadata": {
                "operationMetadataId": "1644fd73-153d-497b-80ff-a99a161b84f2"
              },
              "type": "Foreach"
            }
          },
          "runAfter": {
            "Update_item": [
              "Succeeded"
            ]
          },
          "else": {
            "actions": {
              "For_each": {
                "foreach": "@triggerOutputs()?['body']?['CustomerName']",
                "actions": {
                  "Send_an_email_(V2)_2": {
                    "metadata": {
                      "operationMetadataId": "83429df1-4977-4831-a459-7db23cdf7226"
                    },
                    "type": "OpenApiConnection",
                    "inputs": {
                      "parameters": {
                        "emailMessage/To": "ashan@gatech.edu;@{triggerOutputs()?['body/Supervisor/Email']};@{triggerOutputs()?['body/AssignedTo/Email']};@{triggerBody()?['Author']?['Email']};dylan.summer@neetrac.gatech.edu",
                        "emailMessage/Subject": "Item CR @{body('Update_item')?['Title']} Created",
                        "emailMessage/Body": "<p class=\"editor-paragraph\">CR Number: &nbsp;@{body('Update_item')?['Title']}</p><p class=\"editor-paragraph\">Request Type: @{triggerOutputs()?['body/RequestType/Value']}</p><p class=\"editor-paragraph\">Request Summary: @{triggerBody()?['RequestSummary']}</p><p class=\"editor-paragraph\">Supervisor: &nbsp;@{triggerOutputs()?['body/Supervisor/DisplayName']}</p><p class=\"editor-paragraph\">Assigned To: @{triggerOutputs()?['body/AssignedTo/DisplayName']}</p><p class=\"editor-paragraph\">Customer: @{item()?['Value']}</p><p class=\"editor-paragraph\">Proposal Reviewer: @{triggerBody()?['ProposalReviewer_x0028_Datastore']?['DisplayName']}</p><p class=\"editor-paragraph\">Brief Description: @{triggerBody()?['BriefDescription']}</p><p class=\"editor-paragraph\">Final Outcome: @{triggerBody()?['FinalOutcome']?['Value']}</p><p class=\"editor-paragraph\">Comments: @{triggerBody()?['Comment']}</p><br><p class=\"editor-paragraph\"><a class=\"editor-link\" href=\"@{triggerOutputs()?['body/{Link}']}\">Item Link</a></p>",
                        "emailMessage/Importance": "Normal"
                      },
                      "host": {
                        "apiId": "/providers/Microsoft.PowerApps/apis/shared_office365",
                        "operationId": "SendEmailV2",
                        "connectionName": "shared_office365"
                      }
                    },
                    "description": "Sends Email without mentioning Emergency status as there is no emergency"
                  }
                },
                "type": "Foreach"
              }
            }
          },
          "expression": {
            "equals": [
              "@triggerOutputs()?['body/Emergency']",
              true
            ]
          },
          "metadata": {
            "operationMetadataId": "8561d69f-92e4-4ce8-8be5-1341ef470304"
          },
          "type": "If",
          "description": "Checks the if the Form has an Emergency"
        },
        "Update_item": {
          "runAfter": {},
          "type": "OpenApiConnection",
          "inputs": {
            "parameters": {
              "dataset": "https://gtvault.sharepoint.com/sites/neetrac/TestCRLog",
              "table": "446befe1-58f1-499d-ab78-62fa21063975",
              "id": "@triggerBody()?['ID']",
              "item/Title": "@concat('CR',triggerBody()?['ID'])",
              "item/Emergency": false,
              "item/ProposalAmount_x0028__x0024__x00": 0,
              "item/ReceivervolunteerstoQuote": true,
              "item/RequestOrigin/Value": "Please select Request Origin!",
              "item/AssignmentsReviewed": false,
              "item/ContactApprovalStatus/Value": "None"
            },
            "host": {
              "apiId": "/providers/Microsoft.PowerApps/apis/shared_sharepointonline",
              "operationId": "PatchItem",
              "connectionName": "shared_sharepointonline-1"
            }
          }
        }
      }
    },
    "templateName": null
  },
  "schemaVersion": "1.0.0.0"
}