{
  "properties": {
    "connectionReferences": {
      "shared_sharepointonline": {
        "runtimeSource": "embedded",
        "connection": {
          "connectionReferenceLogicalName": "neetrac_sharedsharepointonline_f33e8"
        },
        "api": {
          "name": "shared_sharepointonline"
        }
      },
      "shared_approvals": {
        "runtimeSource": "embedded",
        "connection": {
          "connectionReferenceLogicalName": "neetrac_sharedapprovals_2331c"
        },
        "api": {
          "name": "shared_approvals"
        }
      },
      "shared_sharepointonline-1": {
        "runtimeSource": "embedded",
        "connection": {
          "connectionReferenceLogicalName": "neetrac_sharedsharepointonline_4aaa9"
        },
        "api": {
          "name": "shared_sharepointonline"
        }
      },
      "shared_office365": {
        "runtimeSource": "embedded",
        "connection": {
          "connectionReferenceLogicalName": "neetrac_sharedoffice365_29e37"
        },
        "api": {
          "name": "shared_office365"
        }
      }
    },
    "definition": {
      "$schema": "https://schema.management.azure.com/providers/Microsoft.Logic/schemas/2016-06-01/workflowdefinition.json#",
      "contentVersion": "1.0.0.0",
      "parameters": {
        "$authentication": {
          "defaultValue": {},
          "type": "SecureObject"
        },
        "$connections": {
          "defaultValue": {},
          "type": "Object"
        }
      },
      "triggers": {
        "When_an_item_is_Edited": {
          "recurrence": {
            "frequency": "Minute",
            "interval": 5
          },
          "splitOn": "@triggerOutputs()?['body/value']",
          "metadata": {
            "operationMetadataId": "1452588a-fb3a-4335-b4e1-d16c98e3c6f7"
          },
          "type": "OpenApiConnection",
          "inputs": {
            "parameters": {
              "dataset": "https://gtvault.sharepoint.com/sites/neetrac/TestCRLog",
              "table": "446befe1-58f1-499d-ab78-62fa21063975"
            },
            "host": {
              "apiId": "/providers/Microsoft.PowerApps/apis/shared_sharepointonline",
              "operationId": "GetOnChangedItems",
              "connectionName": "shared_sharepointonline"
            }
          },
          "description": "Triggers event when an item is edited"
        }
      },
      "actions": {
        "Check_if_Approval_is_Required": {
          "actions": {
            "condition": {
              "actions": {
                "start_and_wait_for_an_approval": {
                  "metadata": {
                    "operationMetadataId": "498597fd-d3f1-492a-b7d2-b9450631a330"
                  },
                  "type": "OpenApiConnectionWebhook",
                  "inputs": {
                    "parameters": {
                      "approvalType": "Basic",
                      "WebhookApprovalCreationInput/title": "New contact request",
                      "WebhookApprovalCreationInput/assignedTo": "Ashan@gatech.edu; dylan.summer@neetrac.gatech.edu",
                      "WebhookApprovalCreationInput/details": "Item Link: @{triggerBody()?['{Link}']}\nCompany : @{item()?['Value']} \n\nNew Company: @{triggerBody()?['NewCompanyRequest']}\nNew Customer Contact: @{triggerBody()?['NewContactRequest']}\nNew Email: @{triggerBody()?['NewEmailrequest']}\nNew Phone number:  @{triggerBody()?['Newphonerequest']}",
                      "WebhookApprovalCreationInput/itemLink": "@{triggerOutputs()?['{Link}']}",
                      "WebhookApprovalCreationInput/itemLinkDescription": "Link to record given here: @{triggerBody()?['{Link}']}",
                      "WebhookApprovalCreationInput/enableNotifications": true,
                      "WebhookApprovalCreationInput/enableReassignment": true
                    },
                    "host": {
                      "apiId": "/providers/Microsoft.PowerApps/apis/shared_approvals",
                      "operationId": "StartAndWaitForAnApproval",
                      "connectionName": "shared_approvals"
                    }
                  },
                  "description": "Send Approval Request"
                }
              },
              "runAfter": {
                "Update_CR_event_Log_(New_item)_2": [
                  "Succeeded"
                ]
              },
              "else": {
                "actions": {
                  "start_and_wait_for_an_approval_2": {
                    "metadata": {
                      "operationMetadataId": "498597fd-d3f1-492a-b7d2-b9450631a330"
                    },
                    "type": "OpenApiConnectionWebhook",
                    "inputs": {
                      "parameters": {
                        "approvalType": "Basic",
                        "WebhookApprovalCreationInput/title": "New contact request",
                        "WebhookApprovalCreationInput/assignedTo": "Ashan@gatech.edu; dylan.summer@neetrac.gatech.edu",
                        "WebhookApprovalCreationInput/details": "Item Link: @{triggerBody()?['{Link}']}\nCompany : @{item()?['Value']} \n\nNew Company: @{triggerBody()?['NewCompanyRequest']}\nNew Customer Contact: @{triggerBody()?['NewContactRequest']}\nNew Email: @{triggerBody()?['NewEmailrequest']}\nNew Phone number:  @{triggerBody()?['Newphonerequest']}",
                        "WebhookApprovalCreationInput/itemLink": "@{triggerOutputs()?['{Link}']}",
                        "WebhookApprovalCreationInput/itemLinkDescription": "Link to record given here: @{triggerBody()?['{Link}']}",
                        "WebhookApprovalCreationInput/enableNotifications": true,
                        "WebhookApprovalCreationInput/enableReassignment": true
                      },
                      "host": {
                        "apiId": "/providers/Microsoft.PowerApps/apis/shared_approvals",
                        "operationId": "StartAndWaitForAnApproval",
                        "connectionName": "shared_approvals"
                      }
                    },
                    "description": "Send Approval Request"
                  }
                }
              },
              "expression": {
                "or": [
                  {
                    "equals": [
                      "@triggerBody()?['Customer_x0020_Name_x003a__x0020']",
                      " _Company not on list"
                    ]
                  },
                  {
                    "equals": [
                      "@triggerBody()?['Customer_x0020_Name_x003a__x0020']",
                      ""
                    ]
                  }
                ]
              },
              "metadata": {
                "operationMetadataId": "97e29f2e-8b83-4c57-af97-a51e843fb1f0"
              },
              "type": "If"
            },
            "Update_CR_event_Log_(New_item)_2": {
              "metadata": {
                "operationMetadataId": "5ef0ca11-bf53-41af-af1f-40f39ba02bfb"
              },
              "type": "OpenApiConnection",
              "inputs": {
                "parameters": {
                  "dataset": "https://gtvault.sharepoint.com/sites/neetrac/TestCRLog",
                  "table": "3ef25a03-2251-4ef2-beca-97a5b75241e1",
                  "item/Title": "@triggerBody()?['Title']",
                  "item/FinalOutcome/Value": "@{triggerBody()?['FinalOutcome']?['Value']}",
                  "item/DateandTime": "@{utcNow()}",
                  "item/EntryType/Value": "New Entry",
                  "item/Flowname": "\"Approval for adding new customer\"",
                  "item/FlowStage": "Sent For Approval",
                  "item/FlowExecution/Value": "Successful",
                  "item/Fieldsupdated": "All"
                },
                "host": {
                  "apiId": "/providers/Microsoft.PowerApps/apis/shared_sharepointonline",
                  "operationId": "PostItem",
                  "connectionName": "shared_sharepointonline"
                }
              },
              "description": "Update CR Event log of this stage in the flow"
            },
            "For_each": {
              "foreach": "@outputs('start_and_wait_for_an_approval')?['body']?['responses']",
              "actions": {
                "Condition2": {
                  "actions": {
                    "Is_it_a_new_contact_being_created": {
                      "actions": {
                        "create_new_record_in_contact_table": {
                          "type": "OpenApiConnection",
                          "inputs": {
                            "parameters": {
                              "dataset": "https://gtvault.sharepoint.com/sites/neetrac/TestCRLog",
                              "table": "91cc2fef-16f1-49f9-a482-f72f60a6fe16",
                              "item/Title": "@triggerBody()?['NewContactRequest']",
                              "item/field_3": "@triggerBody()?['NewCompanyRequest']",
                              "item/field_4": "@triggerBody()?['NewCompanyRequest']",
                              "item/field_5": "@triggerBody()?['NewCompanyRequest']",
                              "item/Number": "@triggerBody()?['Newphonerequest']",
                              "item/field_2": "@triggerBody()?['NewEmailrequest']"
                            },
                            "host": {
                              "apiId": "/providers/Microsoft.PowerApps/apis/shared_sharepointonline",
                              "operationId": "PostItem",
                              "connectionName": "shared_sharepointonline-1"
                            }
                          }
                        },
                        "Update_CR_log_Customer_details_1": {
                          "runAfter": {
                            "create_new_record_in_contact_table": [
                              "Succeeded"
                            ]
                          },
                          "type": "OpenApiConnection",
                          "inputs": {
                            "parameters": {
                              "dataset": "https://gtvault.sharepoint.com/sites/neetrac/TestCRLog",
                              "table": "446befe1-58f1-499d-ab78-62fa21063975",
                              "id": "@triggerBody()?['ID']",
                              "item/Title": "@triggerBody()?['Title']",
                              "item/Emergency": "@triggerBody()?['Emergency']",
                              "item/CustomerName": [
                                {
                                  "Id": "@body('create_new_record_in_contact_table')?['ID']"
                                }
                              ],
                              "item/FinalOutcome/Value": "@triggerBody()?['FinalOutcome']?['Value']",
                              "item/ProposalAmount_x0028__x0024__x00": "@triggerBody()?['ProposalAmount_x0028__x0024__x00']",
                              "item/ReceivervolunteerstoQuote": "@triggerBody()?['ReceivervolunteerstoQuote']",
                              "item/RequestOrigin/Value": "Please select Request Origin!",
                              "item/AssignmentsReviewed": "@triggerBody()?['AssignmentsReviewed']",
                              "item/NewCompanyRequest": "\" \"",
                              "item/NewContactRequest": "\" \"",
                              "item/NewEmailrequest": "\" \"",
                              "item/Newphonerequest": "\" \"",
                              "item/ContactApprovalStatus/Value": "Approved"
                            },
                            "host": {
                              "apiId": "/providers/Microsoft.PowerApps/apis/shared_sharepointonline",
                              "operationId": "PatchItem",
                              "connectionName": "shared_sharepointonline-1"
                            }
                          },
                          "description": "Update the CR Log entry to clear out the New/Request fields and update the customer fields"
                        },
                        "add_new_record_to_CR_event_Log_for_new_record_created": {
                          "runAfter": {
                            "Update_CR_log_Customer_details_1": [
                              "Succeeded"
                            ]
                          },
                          "type": "OpenApiConnection",
                          "inputs": {
                            "parameters": {
                              "dataset": "https://gtvault.sharepoint.com/sites/neetrac/TestCRLog",
                              "table": "3ef25a03-2251-4ef2-beca-97a5b75241e1",
                              "item/Title": "@triggerBody()?['Title']",
                              "item/FinalOutcome/Value": "@triggerBody()?['FinalOutcome']?['Value']",
                              "item/DateandTime": "@{utcNow()}",
                              "item/EntryType/Value": "New Entry",
                              "item/Flowname": "Approval for adding new customer",
                              "item/FlowStage": "Approval succeeded for a new customer",
                              "item/FlowExecution/Value": "Successful",
                              "item/Fieldsupdated": "All"
                            },
                            "host": {
                              "apiId": "/providers/Microsoft.PowerApps/apis/shared_sharepointonline",
                              "operationId": "PostItem",
                              "connectionName": "shared_sharepointonline-1"
                            }
                          }
                        }
                      },
                      "else": {
                        "actions": {
                          "For_each_1": {
                            "foreach": "@triggerOutputs()?['body']?['CustomerName']",
                            "actions": {
                              "Update_CR_Log_Customer_Details_2": {
                                "runAfter": {
                                  "For_each_2": [
                                    "Succeeded"
                                  ]
                                },
                                "type": "OpenApiConnection",
                                "inputs": {
                                  "parameters": {
                                    "dataset": "https://gtvault.sharepoint.com/sites/neetrac/TestCRLog",
                                    "table": "446befe1-58f1-499d-ab78-62fa21063975",
                                    "id": "@triggerBody()?['ID']",
                                    "item/Title": "@body('Update_CR_event_Log_(New_item)_2')?['Title']",
                                    "item/Emergency": "@triggerBody()?['Emergency']",
                                    "item/CustomerName": [
                                      {
                                        "Id": "@item()?['Id']"
                                      }
                                    ],
                                    "item/FinalOutcome/Value": "@triggerBody()?['FinalOutcome']?['Value']",
                                    "item/ProposalAmount_x0028__x0024__x00": "@triggerBody()?['ProposalAmount_x0028__x0024__x00']",
                                    "item/ReceivervolunteerstoQuote": "@triggerBody()?['ReceivervolunteerstoQuote']",
                                    "item/RequestOrigin/Value": "@triggerBody()?['RequestOrigin']?['Value']",
                                    "item/AssignmentsReviewed": "@triggerBody()?['AssignmentsReviewed']",
                                    "item/NewCompanyRequest": "\"   \"",
                                    "item/NewContactRequest": "\"   \"",
                                    "item/NewEmailrequest": "\"   \"",
                                    "item/Newphonerequest": "\"   \"",
                                    "item/ContactApprovalStatus/Value": "Approved"
                                  },
                                  "host": {
                                    "apiId": "/providers/Microsoft.PowerApps/apis/shared_sharepointonline",
                                    "operationId": "PatchItem",
                                    "connectionName": "shared_sharepointonline-1"
                                  }
                                }
                              },
                              "For_each_2": {
                                "foreach": "@triggerOutputs()?['body']?['Customer_x0020_Name_x003a__x0020']",
                                "actions": {
                                  "Update_Contact_Table_contact_info": {
                                    "type": "OpenApiConnection",
                                    "inputs": {
                                      "parameters": {
                                        "dataset": "https://gtvault.sharepoint.com/sites/neetrac/TestCRLog",
                                        "table": "91cc2fef-16f1-49f9-a482-f72f60a6fe16",
                                        "id": "@item()?['Id']",
                                        "item/Title": "@item()?['Value']",
                                        "item/Number": "@triggerBody()?['Newphonerequest']",
                                        "item/field_2": "@triggerBody()?['NewEmailrequest']"
                                      },
                                      "host": {
                                        "apiId": "/providers/Microsoft.PowerApps/apis/shared_sharepointonline",
                                        "operationId": "PatchItem",
                                        "connectionName": "shared_sharepointonline-1"
                                      }
                                    }
                                  }
                                },
                                "type": "Foreach"
                              }
                            },
                            "type": "Foreach"
                          },
                          "Create_item_in_CR_event_Log_for_updated_Customer": {
                            "runAfter": {
                              "For_each_1": [
                                "Succeeded"
                              ]
                            },
                            "type": "OpenApiConnection",
                            "inputs": {
                              "parameters": {
                                "dataset": "https://gtvault.sharepoint.com/sites/neetrac/TestCRLog",
                                "table": "3ef25a03-2251-4ef2-beca-97a5b75241e1",
                                "item/Title": "@triggerBody()?['Title']",
                                "item/FinalOutcome/Value": "@triggerBody()?['FinalOutcome']?['Value']",
                                "item/DateandTime": "@{utcNow(utcNow())}",
                                "item/EntryType/Value": "New Entry",
                                "item/Flowname": "Approval for updating existing customer",
                                "item/FlowStage": "Approval succeeded",
                                "item/FlowExecution/Value": "Successful",
                                "item/Fieldsupdated": "All"
                              },
                              "host": {
                                "apiId": "/providers/Microsoft.PowerApps/apis/shared_sharepointonline",
                                "operationId": "PostItem",
                                "connectionName": "shared_sharepointonline-1"
                              }
                            }
                          }
                        }
                      },
                      "expression": {
                        "and": [
                          {
                            "equals": [
                              "@triggerBody()?['ContactApprovalStatus']",
                              "Pending"
                            ]
                          }
                        ]
                      },
                      "type": "If",
                      "description": "Check Approval status is Pending which is for creating a new Contact instead of updating an existing contact"
                    }
                  },
                  "else": {
                    "actions": {
                      "Send_an_email_(V2)": {
                        "type": "OpenApiConnection",
                        "inputs": {
                          "parameters": {
                            "emailMessage/To": "Ashan@gatech.edu; dylan.summer@neetrac.gatech.edu ",
                            "emailMessage/Subject": "\"Approval rejected\"",
                            "emailMessage/Body": "<p>someone rejected this request</p>",
                            "emailMessage/Importance": "Normal"
                          },
                          "host": {
                            "apiId": "/providers/Microsoft.PowerApps/apis/shared_office365",
                            "operationId": "SendEmailV2",
                            "connectionName": "shared_office365"
                          }
                        }
                      },
                      "Create_item_in_CR_event_Log_for_Approval_Rejection": {
                        "runAfter": {
                          "Send_an_email_(V2)": [
                            "Succeeded"
                          ]
                        },
                        "type": "OpenApiConnection",
                        "inputs": {
                          "parameters": {
                            "dataset": "https://gtvault.sharepoint.com/sites/neetrac/TestCRLog",
                            "table": "3ef25a03-2251-4ef2-beca-97a5b75241e1",
                            "item/Title": "@triggerBody()?['Title']",
                            "item/FinalOutcome/Value": "@triggerBody()?['FinalOutcome']?['Value']",
                            "item/DateandTime": "@{utcNow()}",
                            "item/EntryType/Value": "New Entry",
                            "item/Flowname": "Approval for customer",
                            "item/FlowStage": "Approval Rejected",
                            "item/FlowExecution/Value": "Successful",
                            "item/Fieldsupdated": "All"
                          },
                          "host": {
                            "apiId": "/providers/Microsoft.PowerApps/apis/shared_sharepointonline",
                            "operationId": "PostItem",
                            "connectionName": "shared_sharepointonline-1"
                          }
                        }
                      }
                    }
                  },
                  "expression": {
                    "or": [
                      {
                        "equals": [
                          "@body('start_and_wait_for_an_approval')?['outcome']",
                          "Approve"
                        ]
                      },
                      {
                        "equals": [
                          "@body('start_and_wait_for_an_approval_2')?['outcome']",
                          "Approve"
                        ]
                      }
                    ]
                  },
                  "type": "If"
                }
              },
              "runAfter": {
                "condition": [
                  "Succeeded"
                ]
              },
              "type": "Foreach"
            }
          },
          "runAfter": {},
          "else": {
            "actions": {
              "Condition_2": {
                "actions": {
                  "Update_CR_event_Log_(New_Item)": {
                    "metadata": {
                      "operationMetadataId": "46a0384e-c71f-4a5c-8ec1-c775532c739f"
                    },
                    "type": "OpenApiConnection",
                    "inputs": {
                      "parameters": {
                        "dataset": "https://gtvault.sharepoint.com/sites/neetrac/TestCRLog",
                        "table": "3ef25a03-2251-4ef2-beca-97a5b75241e1",
                        "item/Title": "@{triggerBody()?['Title']}",
                        "item/FinalOutcome/Value": "@triggerBody()?['FinalOutcome']?['Value']",
                        "item/DateandTime": "@{utcNow()}",
                        "item/EntryType/Value": "New Entry",
                        "item/Flowname": "Approval for adding new customer",
                        "item/FlowStage": "Approval not required",
                        "item/FlowExecution/Value": "Successful",
                        "item/Fieldsupdated": "All"
                      },
                      "host": {
                        "apiId": "/providers/Microsoft.PowerApps/apis/shared_sharepointonline",
                        "operationId": "PostItem",
                        "connectionName": "shared_sharepointonline"
                      }
                    },
                    "description": "Update Event Log"
                  }
                },
                "else": {
                  "actions": {}
                },
                "expression": {
                  "not": {
                    "equals": [
                      "@triggerOutputs()?['body/Title']",
                      "@null"
                    ]
                  }
                },
                "metadata": {
                  "operationMetadataId": "2fb8aeed-2b9d-46ba-b987-42d9e83aa08a"
                },
                "type": "If",
                "description": "Contingency check to make sure NULL fields are not being created"
              }
            }
          },
          "expression": {
            "or": [
              {
                "equals": [
                  "@triggerBody()?['ContactApprovalStatus']?['Value']",
                  "Pending"
                ]
              },
              {
                "equals": [
                  "@triggerBody()?['ContactApprovalStatus']?['Value']",
                  "Update Contact"
                ]
              }
            ]
          },
          "metadata": {
            "operationMetadataId": "3f7a01cf-a866-44c4-8499-12a615c7b5de"
          },
          "type": "If",
          "description": "Checks if the Approval status of a contact is either \"Pending\" or \"Update Contact\""
        }
      },
      "outputs": {}
    },
    "templateName": null
  },
  "schemaVersion": "1.0.0.0"
}