{
  "properties": {
    "connectionReferences": {
      "shared_sharepointonline": {
        "runtimeSource": "embedded",
        "connection": {
          "connectionReferenceLogicalName": "neetrac_sharedsharepointonline_f33e8"
        },
        "api": {
          "name": "shared_sharepointonline"
        }
      },
      "shared_sharepointonline-1": {
        "runtimeSource": "embedded",
        "connection": {
          "connectionReferenceLogicalName": "neetrac_sharedsharepointonline_4aaa9"
        },
        "api": {
          "name": "shared_sharepointonline"
        }
      }
    },
    "definition": {
      "$schema": "https://schema.management.azure.com/providers/Microsoft.Logic/schemas/2016-06-01/workflowdefinition.json#",
      "contentVersion": "1.0.0.0",
      "parameters": {
        "$authentication": {
          "defaultValue": {},
          "type": "SecureObject"
        },
        "$connections": {
          "defaultValue": {},
          "type": "Object"
        }
      },
      "triggers": {
        "When_an_item_is_created_or_modified": {
          "recurrence": {
            "frequency": "Minute",
            "interval": 5
          },
          "splitOn": "@triggerOutputs()?['body/value']",
          "type": "OpenApiConnection",
          "inputs": {
            "parameters": {
              "dataset": "https://gtvault.sharepoint.com/sites/neetrac/TestCRLog",
              "table": "446befe1-58f1-499d-ab78-62fa21063975"
            },
            "host": {
              "apiId": "/providers/Microsoft.PowerApps/apis/shared_sharepointonline",
              "operationId": "GetOnUpdatedItems",
              "connectionName": "shared_sharepointonline"
            }
          }
        }
      },
      "actions": {
        "Get_attachments": {
          "runAfter": {},
          "type": "OpenApiConnection",
          "inputs": {
            "parameters": {
              "dataset": "https://gtvault.sharepoint.com/sites/neetrac/TestCRLog",
              "table": "446befe1-58f1-499d-ab78-62fa21063975",
              "itemId": "@triggerBody()?['ID']"
            },
            "host": {
              "apiId": "/providers/Microsoft.PowerApps/apis/shared_sharepointonline",
              "operationId": "GetItemAttachments",
              "connectionName": "shared_sharepointonline"
            }
          },
          "description": "Extract all attatchments"
        },
        "Apply_to_each_Attatchment": {
          "foreach": "@body('Get_attachments')",
          "actions": {
            "Create_file_in_CR_Log_Attatchments": {
              "type": "OpenApiConnection",
              "inputs": {
                "parameters": {
                  "dataset": "https://gtvault.sharepoint.com/sites/neetrac/TestCRLog",
                  "folderPath": "/CR Log Attatchments",
                  "name": "@items('Apply_to_each_Attatchment')?['DisplayName']",
                  "body": "@items('Apply_to_each_Attatchment')?['AbsoluteUri']"
                },
                "host": {
                  "apiId": "/providers/Microsoft.PowerApps/apis/shared_sharepointonline",
                  "operationId": "CreateFile",
                  "connectionName": "shared_sharepointonline"
                }
              },
              "description": "",
              "runtimeConfiguration": {
                "contentTransfer": {
                  "transferMode": "Chunked"
                }
              }
            },
            "Update_file_properties": {
              "runAfter": {
                "Create_file_in_CR_Log_Attatchments": [
                  "Succeeded"
                ]
              },
              "type": "OpenApiConnection",
              "inputs": {
                "parameters": {
                  "dataset": "https://gtvault.sharepoint.com/sites/neetrac/TestCRLog",
                  "table": "b8d018ac-053e-4f86-ab0f-e17451425622",
                  "id": "@outputs('Create_file_in_CR_Log_Attatchments')?['body/ItemId']",
                  "item/CRLogNumber": "@triggerBody()?['Title']"
                },
                "host": {
                  "apiId": "/providers/Microsoft.PowerApps/apis/shared_sharepointonline",
                  "operationId": "PatchFileItem",
                  "connectionName": "shared_sharepointonline-1"
                }
              }
            }
          },
          "runAfter": {
            "Get_attachments": [
              "Succeeded"
            ]
          },
          "type": "Foreach",
          "description": "Run through each attachment and do the following actions for each. "
        }
      },
      "outputs": {}
    },
    "templateName": null
  },
  "schemaVersion": "1.0.0.0"
}