<ImportExportXml version="9.2.24093.212" SolutionPackageVersion="9.2" languagecode="1033" generatedBy="CrmLive" xmlns:xsi="http://www.w3.org/2001/XMLSchema-instance" OrganizationVersion="9.2.24093.212" OrganizationSchemaType="Standard" CRMServerServiceabilityVersion="9.2.24093.00212">
  <SolutionManifest>
    <UniqueName>NEETRACCRTESTLOGFlows</UniqueName>
    <LocalizedNames>
      <LocalizedName description="NEETRAC CR TEST LOG Flows" languagecode="1033" />
    </LocalizedNames>
    <Descriptions />
    <Version>1.0.0.2</Version>
    <Managed>1</Managed>
    <Publisher>
      <UniqueName>NEETRAC</UniqueName>
      <LocalizedNames>
        <LocalizedName description="NEETRAC " languagecode="1033" />
      </LocalizedNames>
      <Descriptions>
        <Description description="Flows for the NEETRAC  Test Website" languagecode="1033" />
      </Descriptions>
      <EMailAddress xsi:nil="true"></EMailAddress>
      <SupportingWebsiteUrl xsi:nil="true"></SupportingWebsiteUrl>
      <CustomizationPrefix>neetrac</CustomizationPrefix>
      <CustomizationOptionValuePrefix>99218</CustomizationOptionValuePrefix>
      <Addresses>
        <Address>
          <AddressNumber>1</AddressNumber>
          <AddressTypeCode>1</AddressTypeCode>
          <City xsi:nil="true"></City>
          <County xsi:nil="true"></County>
          <Country xsi:nil="true"></Country>
          <Fax xsi:nil="true"></Fax>
          <FreightTermsCode xsi:nil="true"></FreightTermsCode>
          <ImportSequenceNumber xsi:nil="true"></ImportSequenceNumber>
          <Latitude xsi:nil="true"></Latitude>
          <Line1 xsi:nil="true"></Line1>
          <Line2 xsi:nil="true"></Line2>
          <Line3 xsi:nil="true"></Line3>
          <Longitude xsi:nil="true"></Longitude>
          <Name xsi:nil="true"></Name>
          <PostalCode xsi:nil="true"></PostalCode>
          <PostOfficeBox xsi:nil="true"></PostOfficeBox>
          <PrimaryContactName xsi:nil="true"></PrimaryContactName>
          <ShippingMethodCode>1</ShippingMethodCode>
          <StateOrProvince xsi:nil="true"></StateOrProvince>
          <Telephone1 xsi:nil="true"></Telephone1>
          <Telephone2 xsi:nil="true"></Telephone2>
          <Telephone3 xsi:nil="true"></Telephone3>
          <TimeZoneRuleVersionNumber xsi:nil="true"></TimeZoneRuleVersionNumber>
          <UPSZone xsi:nil="true"></UPSZone>
          <UTCOffset xsi:nil="true"></UTCOffset>
          <UTCConversionTimeZoneCode xsi:nil="true"></UTCConversionTimeZoneCode>
        </Address>
        <Address>
          <AddressNumber>2</AddressNumber>
          <AddressTypeCode>1</AddressTypeCode>
          <City xsi:nil="true"></City>
          <County xsi:nil="true"></County>
          <Country xsi:nil="true"></Country>
          <Fax xsi:nil="true"></Fax>
          <FreightTermsCode xsi:nil="true"></FreightTermsCode>
          <ImportSequenceNumber xsi:nil="true"></ImportSequenceNumber>
          <Latitude xsi:nil="true"></Latitude>
          <Line1 xsi:nil="true"></Line1>
          <Line2 xsi:nil="true"></Line2>
          <Line3 xsi:nil="true"></Line3>
          <Longitude xsi:nil="true"></Longitude>
          <Name xsi:nil="true"></Name>
          <PostalCode xsi:nil="true"></PostalCode>
          <PostOfficeBox xsi:nil="true"></PostOfficeBox>
          <PrimaryContactName xsi:nil="true"></PrimaryContactName>
          <ShippingMethodCode>1</ShippingMethodCode>
          <StateOrProvince xsi:nil="true"></StateOrProvince>
          <Telephone1 xsi:nil="true"></Telephone1>
          <Telephone2 xsi:nil="true"></Telephone2>
          <Telephone3 xsi:nil="true"></Telephone3>
          <TimeZoneRuleVersionNumber xsi:nil="true"></TimeZoneRuleVersionNumber>
          <UPSZone xsi:nil="true"></UPSZone>
          <UTCOffset xsi:nil="true"></UTCOffset>
          <UTCConversionTimeZoneCode xsi:nil="true"></UTCConversionTimeZoneCode>
        </Address>
      </Addresses>
    </Publisher>
    <RootComponents>
      <RootComponent type="29" id="{01a39183-4a37-ef11-8409-0022480a46aa}" behavior="0" />
      <RootComponent type="29" id="{124fd477-381d-ef11-9f8a-00224809db2a}" behavior="0" />
      <RootComponent type="29" id="{134fd477-381d-ef11-9f8a-00224809db2a}" behavior="0" />
      <RootComponent type="29" id="{174fd477-381d-ef11-9f8a-00224809db2a}" behavior="0" />
      <RootComponent type="29" id="{234fd477-381d-ef11-9f8a-00224809db2a}" behavior="0" />
      <RootComponent type="29" id="{9221da16-c060-ef11-bfe2-00224809bbdd}" behavior="0" />
      <RootComponent type="29" id="{b3259e3b-3d1d-ef11-9f8a-00224809db2a}" behavior="0" />
      <RootComponent type="29" id="{b88e667e-bd60-ef11-bfe2-00224809bbdd}" behavior="0" />
      <RootComponent type="29" id="{ec4dd477-381d-ef11-9f8a-00224809db2a}" behavior="0" />
      <RootComponent type="29" id="{ed4dd477-381d-ef11-9f8a-00224809db2a}" behavior="0" />
      <RootComponent type="29" id="{ee4dd477-381d-ef11-9f8a-00224809db2a}" behavior="0" />
      <RootComponent type="29" id="{ef4dd477-381d-ef11-9f8a-00224809db2a}" behavior="0" />
    </RootComponents>
    <MissingDependencies>
      <MissingDependency>
        <Required type="connectionreference" displayName="new_sharedoffice365users_3dcb5" solution="Active" id.connectionreferencelogicalname="new_sharedoffice365users_3dcb5" />
        <Dependent type="29" displayName="Auto-complete NEETRAC Employee profile" id="{9221da16-c060-ef11-bfe2-00224809bbdd}" />
      </MissingDependency>
    </MissingDependencies>
  </SolutionManifest>
</ImportExportXml>