{"schemaVersion":"1.0","appDefinitionTemplate":{"id":"/providers/Microsoft.PowerApps/apps/","type":"Microsoft.PowerApps/apps","tags":{"primaryDeviceWidth":"1185","primaryDeviceHeight":"2100","supportsPortrait":"true","supportsLandscape":"true","primaryFormFactor":"Web","publisherVersion":"3.24095.15","minimumRequiredApiVersion":"2.2.0","hasComponent":"true","hasUnlockedComponent":"true","isUnifiedRootApp":"false","sienaVersion":"20241016T185223Z-3.24095.15.0","showStatusBar":"false","offlineLargeFilesSupport":"false"},"properties":{"appVersion":"2024-10-16T18:52:23Z","lifeCycleId":"Published","createdByClientVersion":{"major":3,"minor":24095,"build":15,"revision":0,"majorRevision":0,"minorRevision":0},"minClientVersion":{"major":3,"minor":24095,"build":15,"revision":0,"majorRevision":0,"minorRevision":0},"backgroundColor":"RGBA(0,176,240,1)","backgroundImageUri":"/17017010623592149484/Nda54982e-e428-4890-b992-bd189c36b5de-logoSmallFile","displayName":"Test Customer Request Log on Test CR Log forms","description":"","commitMessage":"","appUris":{"documentUri":{"value":"/17017010623592149484/Nd7e8f52d-9412-45b1-a98d-9122261d4a61-document.msapp"},"imageUris":[],"additionalUris":[{"isSolutionAware":false,"value":"/17017010623592149484/N901fe3f6-5081-449a-a43c-c3f871e12b44-identity.json"}]},"createdTime":"0001-01-01T00:00:00Z","lastModifiedTime":"0001-01-01T00:00:00Z","sharedGroupsCount":0,"sharedUsersCount":0,"connectionReferences":{"90c7f829-6174-42f5-aa03-061532c854e5":{"id":"5b9ffe50-c0a9-49c4-a396-7e19c6682c4d","displayName":"SharePoint","iconUri":"https://connectoricons-prod.azureedge.net/u/jayawan/releases/v1.0.1697/1.0.1697.3786/sharepointonline/icon.png","dataSources":["Test Customer Request Log","Contact","Security List","NEETRAC Employees"],"dependencies":[],"dependents":[],"parameterHints":{},"parameterHintsV2":{},"isOnPremiseConnection":false,"bypassConsent":false,"dataSets":{"https://gtvault.sharepoint.com/sites/neetrac/TestCRLog":{"dataSources":{"Test Customer Request Log":{"tableName":"446befe1-58f1-499d-ab78-62fa21063975"},"NEETRAC Employees":{"tableName":"dc3ff691-b153-4724-bd4b-c8da2e576d87"}}}},"apiTier":"Standard","isCustomApiConnection":false,"actions":["providers/PowerPlatform.Governance/Operations/Read","providers/PowerPlatform.Governance/Operations/Write"]},"09d53dcb-b323-48ea-ab47-fb44119be8e4":{"id":"5b9ffe50-c0a9-49c4-a396-7e19c6682c4d","displayName":"SharePoint","iconUri":"https://connectoricons-prod.azureedge.net/u/jayawan/releases/v1.0.1697/1.0.1697.3786/sharepointonline/icon.png","dataSources":["Contact"],"dependencies":[],"dependents":["9b71b897-823d-4b8a-9f42-f973ab6efc2b"],"parameterHints":{},"parameterHintsV2":{},"isOnPremiseConnection":false,"bypassConsent":false,"dataSets":{"https://gtvault.sharepoint.com/sites/neetrac/TestCRLog":{"dataSources":{"Contact":{"tableName":"91cc2fef-16f1-49f9-a482-f72f60a6fe16"}}}},"apiTier":"Standard","isCustomApiConnection":false,"actions":["providers/PowerPlatform.Governance/Operations/Read","providers/PowerPlatform.Governance/Operations/Write"]},"62f067d6-449e-40fd-a91f-2bb6a8580a78":{"id":"a97110ca-4e15-418c-a039-0a6685f8cebc","displayName":"Office 365 Users","iconUri":"https://connectoricons-prod.azureedge.net/releases/v1.0.1715/1.0.1715.3906/office365users/icon.png","dataSources":["Office365Users"],"dependencies":[],"dependents":[],"parameterHints":{},"parameterHintsV2":{},"isOnPremiseConnection":false,"bypassConsent":false,"dataSets":{},"apiTier":"Standard","isCustomApiConnection":false},"9b71b897-823d-4b8a-9f42-f973ab6efc2b":{"id":"44a28439-6dc6-497e-b021-c6eb4324cd12","displayName":"Logic flows","iconUri":"https://connectoricons-prod.azureedge.net/releases/v1.0.1697/1.0.1697.3784/logicflows/icon.png","dataSources":["SaveFiletoSharepoint"],"dependencies":["09d53dcb-b323-48ea-ab47-fb44119be8e4"],"dependents":[],"parameterHints":{"workflowName":{"value":"fc64ea00-ec5d-486e-82db-5823080fe1f5"},"workflowEntityId":{},"09d53dcb-b323-48ea-ab47-fb44119be8e4":{"value":"shared_sharepointonline"}},"parameterHintsV2":{"workflowName":{"value":"fc64ea00-ec5d-486e-82db-5823080fe1f5"},"workflowEntityId":{},"shared_sharepointonline":{"value":"09d53dcb-b323-48ea-ab47-fb44119be8e4"}},"isOnPremiseConnection":false,"bypassConsent":false,"dataSets":{},"apiTier":"Standard","isCustomApiConnection":false,"nestedActions":[{"id":"/providers/Microsoft.PowerApps/apis/shared_sharepointonline/apiOperations/CreateFile","apiName":"SharePoint","actionName":"CreateFile","referencedResources":[{"key":"site","value":"https://gtvault.sharepoint.com/sites/neetrac/TestCRLog"}]},{"id":"/providers/Microsoft.PowerApps/apis/shared_sharepointonline/apiOperations/PatchFileItem","apiName":"SharePoint","actionName":"PatchFileItem","referencedResources":[{"key":"site","value":"https://gtvault.sharepoint.com/sites/neetrac/TestCRLog"},{"key":"list","value":"b8d018ac-053e-4f86-ab0f-e17451425622"}]}]},"0fa59890-a8db-4e50-bc20-f7fad135d592":{"id":"5b9ffe50-c0a9-49c4-a396-7e19c6682c4d","displayName":"SharePoint","iconUri":"https://connectoricons-prod.azureedge.net/u/jayawan/releases/v1.0.1697/1.0.1697.3786/sharepointonline/icon.png","dataSources":["Security List"],"dependencies":[],"dependents":[],"parameterHints":{},"parameterHintsV2":{},"isOnPremiseConnection":false,"bypassConsent":false,"dataSets":{"https://gtvault.sharepoint.com/sites/neetrac/TestCRLog":{"dataSources":{"Security List":{"tableName":"bdde38a1-d9e2-453a-bbef-f57b596adea9"}}}},"apiTier":"Standard","isCustomApiConnection":false,"actions":["providers/PowerPlatform.Governance/Operations/Read"]},"72452560-4d87-4c1e-a31e-0f8934382584":{"id":"d1ba5444-98c4-477a-b093-f87c12ee6dc3","displayName":"Office 365 Groups","iconUri":"https://connectoricons-prod.azureedge.net/releases/v1.0.1681/1.0.1681.3663/office365groups/icon.png","dataSources":["Office365Groups"],"dependencies":[],"dependents":[],"parameterHints":{},"parameterHintsV2":{},"isOnPremiseConnection":false,"bypassConsent":false,"dataSets":{},"apiTier":"Standard","isCustomApiConnection":false}},"databaseReferences":{"default.cds":{"databaseDetails":{"referenceType":"Environmental","environmentName":"default.cds","overrideValues":{"status":"NotSpecified"}},"dataSources":{},"components":[{"componentName":"msdyn_AIModel","identifier":"572f57a7-7a8f-49fc-adb4-331e02c509a6","identifierType":"UniqueId"},{"componentName":"msdyn_AIModel","identifier":"c076eac8-f218-4feb-8ad1-7ee4fb039419","identifierType":"UniqueId"}]}},"embeddedApp":{"siteId":"https://gtvault.sharepoint.com/sites/neetrac/TestCRLog","listId":"446befe1-58f1-499d-ab78-62fa21063975","listUrl":"https://gtvault.sharepoint.com/sites/neetrac/TestCRLog/Lists/Test Customer Request Log/AllItems.aspx","type":"SharepointFormApp","screenWidth":1185,"screenHeight":2100},"almMode":"Environment","performanceOptimizationEnabled":true,"canConsumeAppPass":true,"enableModernRuntimeMode":false,"executionRestrictions":{"isTeamsOnly":false,"dataLossPreventionEvaluationResult":{"status":"Compliant","lastEvaluationDate":"2024-10-16T18:52:27.108315Z","violations":[],"violationsByPolicy":[],"violationErrorMessage":"The app uses the following connectors: shared_sharepointonline, shared_office365users, shared_logicflows, shared_office365groups."},"httpActionRestriction":{"appUsesSharepointHttpAction":false,"enforcementStrategy":"Legacy","evaluationTime":"2024-10-16T18:52:27.108171Z"}}},"appType":"ClassicCanvasApp","appComponents":[]}}