{"name":"5a77e642-7861-439f-ab3f-317d3263dca3","id":"/providers/Microsoft.Flow/flows/5a77e642-7861-439f-ab3f-317d3263dca3","type":"Microsoft.Flow/flows","properties":{"apiId":"/providers/Microsoft.PowerApps/apis/shared_logicflows","displayName":"Save File to Sharepoint","definition":{"metadata":{"workflowEntityId":"124fd477-381d-ef11-9f8a-00224809db2a","processAdvisorMetadata":null,"flowChargedByPaygo":null,"flowclientsuspensionreason":"None","flowclientsuspensiontime":null,"flowclientsuspensionreasondetails":null,"creator":{"id":"0514356a-9abf-4825-9f1d-869a72eda8c6","type":"User","tenantId":"482198bb-ae7b-4b25-8b7a-6d7f32faa083"},"provisioningMethod":"FromDefinition","failureAlertSubscription":true,"clientLastModifiedTime":"2024-05-28T21:23:12.1151356Z","connectionKeySavedTimeKey":"2024-05-28T21:23:12.1151356Z"},"$schema":"https://schema.management.azure.com/providers/Microsoft.Logic/schemas/2016-06-01/workflowdefinition.json#","contentVersion":"1.0.0.0","parameters":{"$connections":{"defaultValue":{},"type":"Object"},"$authentication":{"defaultValue":{},"type":"SecureObject"}},"triggers":{"manual":{"metadata":{"operationMetadataId":"cf74850e-deaf-412b-b580-02325b00508a"},"type":"Request","kind":"PowerAppV2","inputs":{"schema":{"type":"object","properties":{"file":{"title":"File Content","type":"object","x-ms-dynamically-added":true,"description":"Please select file or image","x-ms-content-hint":"FILE","properties":{"name":{"type":"string"},"contentBytes":{"type":"string","format":"byte"}}},"text":{"title":"ParentTitle","type":"string","x-ms-dynamically-added":true,"description":"Please enter your input","x-ms-content-hint":"TEXT"}},"required":["text"]}}}},"actions":{"Create_file":{"runAfter":{},"metadata":{"operationMetadataId":"4fa7c49c-d148-416a-8e7a-d9c6d244f34e"},"type":"OpenApiConnection","inputs":{"host":{"apiId":"/providers/Microsoft.PowerApps/apis/shared_sharepointonline","connectionName":"shared_sharepointonline","operationId":"CreateFile"},"parameters":{"dataset":"https://gtvault.sharepoint.com/sites/neetrac/TestCRLog","folderPath":"/CR Log Attatchments","name":"@triggerBody()['file']['name']","body":"@triggerBody()['file']['contentBytes']"},"authentication":{"value":"@json(decodeBase64(triggerOutputs().headers['X-MS-APIM-Tokens']))['$ConnectionKey']","type":"Raw"}},"runtimeConfiguration":{"contentTransfer":{"transferMode":"Chunked"}}},"Update_file_properties":{"runAfter":{"Create_file":["Succeeded"]},"metadata":{"operationMetadataId":"e5c81b60-7ef7-4b88-9b29-634da8670787"},"type":"OpenApiConnection","inputs":{"host":{"apiId":"/providers/Microsoft.PowerApps/apis/shared_sharepointonline","connectionName":"shared_sharepointonline","operationId":"PatchFileItem"},"parameters":{"dataset":"https://gtvault.sharepoint.com/sites/neetrac/TestCRLog","table":"b8d018ac-053e-4f86-ab0f-e17451425622","id":"@outputs('Create_file')?['body/ItemId']","item/ParentTitle":"@triggerBody()['text']"},"authentication":{"value":"@json(decodeBase64(triggerOutputs().headers['X-MS-APIM-Tokens']))['$ConnectionKey']","type":"Raw"}}},"Respond_to_a_PowerApp_or_flow":{"runAfter":{"Update_file_properties":["Succeeded"]},"metadata":{"operationMetadataId":"025044db-7ef6-46a5-8b59-52bb71c4756d"},"type":"Response","kind":"PowerApp","inputs":{"statusCode":200,"body":{},"schema":{"type":"object","properties":{}}}}},"outputs":{}},"connectionReferences":{"shared_sharepointonline":{"connectionName":"00f90e926ca44d71b8b84b44e5456680","source":"Invoker","id":"/providers/Microsoft.PowerApps/apis/shared_sharepointonline","tier":"NotSpecified"}},"flowFailureAlertSubscribed":false,"isManaged":false}}