{"schemaVersion":"1.0","appDefinitionTemplate":{"id":"/providers/Microsoft.PowerApps/apps/","type":"Microsoft.PowerApps/apps","tags":{"primaryDeviceWidth":"1185","primaryDeviceHeight":"790","supportsPortrait":"true","supportsLandscape":"true","primaryFormFactor":"Web","showStatusBar":"false","publisherVersion":"3.24095.15","minimumRequiredApiVersion":"2.2.0","hasComponent":"false","hasUnlockedComponent":"false","isUnifiedRootApp":"false","sienaVersion":"20241010T235212Z-3.24095.15.0"},"properties":{"appVersion":"2024-10-10T23:52:12Z","lifeCycleId":"Published","createdByClientVersion":{"major":3,"minor":24095,"build":15,"revision":0,"majorRevision":0,"minorRevision":0},"minClientVersion":{"major":3,"minor":24095,"build":15,"revision":0,"majorRevision":0,"minorRevision":0},"backgroundColor":"RGBA(0,176,240,1)","backgroundImageUri":"/15514194830950035518/N0a9990fe-d6d0-42c3-84db-46012fa13863-logoSmallFile","displayName":"NEETRAC Service Request Log on NEETRAC forms","description":"","commitMessage":"","appUris":{"documentUri":{"value":"/15514194830950035518/Nc61190a4-51cc-4a78-bb7c-44c29cded930-document.msapp"},"imageUris":[],"additionalUris":[{"isSolutionAware":false,"value":"/15514194830950035518/N2af61192-0f70-4d8a-9249-c27114c19bb3-identity.json"}]},"createdTime":"0001-01-01T00:00:00Z","lastModifiedTime":"0001-01-01T00:00:00Z","sharedGroupsCount":0,"sharedUsersCount":0,"connectionReferences":{"f5133d1d-fb29-436a-baba-a0c44f62919a":{"id":"5b9ffe50-c0a9-49c4-a396-7e19c6682c4d","displayName":"SharePoint","iconUri":"https://connectoricons-prod.azureedge.net/u/jayawan/releases/v1.0.1697/1.0.1697.3786/sharepointonline/icon.png","dataSources":["NEETRAC Service Request Log","Security List"],"dependencies":[],"dependents":[],"parameterHints":{},"parameterHintsV2":{},"isOnPremiseConnection":false,"bypassConsent":true,"dataSets":{"https://gtvault.sharepoint.com/sites/neetrac":{"dataSources":{"NEETRAC Service Request Log":{"tableName":"107169b4-00f6-4262-a23e-00d4e29bf0b8"},"Security List":{"tableName":"e9b2404a-a004-4554-9bb1-fffd2fa822d3"}}}},"apiTier":"Standard","isCustomApiConnection":false,"actions":["providers/PowerPlatform.Governance/Operations/Read","providers/PowerPlatform.Governance/Operations/Write"]}},"databaseReferences":{},"embeddedApp":{"siteId":"https://gtvault.sharepoint.com/sites/neetrac","listId":"107169b4-00f6-4262-a23e-00d4e29bf0b8","listUrl":"https://gtvault.sharepoint.com/sites/neetrac/Lists/Service Request/Open.aspx","type":"SharepointFormApp","screenWidth":1185,"screenHeight":790},"almMode":"Environment","performanceOptimizationEnabled":true,"canConsumeAppPass":true,"enableModernRuntimeMode":false,"executionRestrictions":{"isTeamsOnly":false,"dataLossPreventionEvaluationResult":{"status":"Compliant","lastEvaluationDate":"2024-08-06T16:28:46.1795733Z","violations":[],"violationsByPolicy":[],"violationErrorMessage":"The app uses the following connectors: shared_sharepointonline."}}},"appType":"ClassicCanvasApp","appComponents":[]}}