{
  "properties": {
    "connectionReferences": {
      "shared_sharepointonline": {
        "runtimeSource": "embedded",
        "connection": {
          "connectionReferenceLogicalName": "neetrac_sharedsharepointonline_4aaa9"
        },
        "api": {
          "name": "shared_sharepointonline"
        }
      },
      "shared_office365": {
        "runtimeSource": "embedded",
        "connection": {
          "connectionReferenceLogicalName": "neetrac_sharedoffice365_29e37"
        },
        "api": {
          "name": "shared_office365"
        }
      }
    },
    "definition": {
      "$schema": "https://schema.management.azure.com/providers/Microsoft.Logic/schemas/2016-06-01/workflowdefinition.json#",
      "contentVersion": "1.0.0.0",
      "parameters": {
        "$connections": {
          "defaultValue": {},
          "type": "Object"
        },
        "$authentication": {
          "defaultValue": {},
          "type": "SecureObject"
        }
      },
      "triggers": {
        "When_an_item_is_created": {
          "recurrence": {
            "interval": 5,
            "frequency": "Minute"
          },
          "splitOn": "@triggerOutputs()?['body/value']",
          "metadata": {
            "operationMetadataId": "fe6c1a8d-f416-4cee-9954-22172ceaf680"
          },
          "type": "OpenApiConnection",
          "inputs": {
            "host": {
              "connectionName": "shared_sharepointonline",
              "operationId": "GetOnNewItems",
              "apiId": "/providers/Microsoft.PowerApps/apis/shared_sharepointonline"
            },
            "parameters": {
              "dataset": "https://gtvault.sharepoint.com/sites/neetrac",
              "table": "107169b4-00f6-4262-a23e-00d4e29bf0b8"
            },
            "authentication": "@parameters('$authentication')"
          }
        }
      },
      "actions": {
        "Assign_To_Dylan": {
          "actions": {
            "Update_item": {
              "runAfter": {},
              "metadata": {
                "operationMetadataId": "76833b30-cd5f-4bd4-a993-a9872bfe4ecb"
              },
              "type": "OpenApiConnection",
              "inputs": {
                "host": {
                  "connectionName": "shared_sharepointonline",
                  "operationId": "PatchItem",
                  "apiId": "/providers/Microsoft.PowerApps/apis/shared_sharepointonline"
                },
                "parameters": {
                  "dataset": "https://gtvault.sharepoint.com/sites/neetrac",
                  "table": "107169b4-00f6-4262-a23e-00d4e29bf0b8",
                  "id": "@triggerOutputs()?['body/ID']",
                  "item/Title": "@triggerOutputs()?['body/Title']",
                  "item/Request_x0020_Title": "@triggerOutputs()?['body/Request_x0020_Title']",
                  "item/Details": "@triggerOutputs()?['body/Details']",
                  "item/Status/Value": "Initiated"
                },
                "authentication": "@parameters('$authentication')"
              }
            }
          },
          "runAfter": {},
          "else": {
            "actions": {
              "Assign_To_Laquita": {
                "actions": {},
                "runAfter": {},
                "else": {
                  "actions": {
                    "Assign_TO_Suzanne": {
                      "actions": {},
                      "runAfter": {},
                      "else": {
                        "actions": {
                          "Assign_To_Thaddeus": {
                            "actions": {},
                            "runAfter": {},
                            "else": {
                              "actions": {
                                "Chris": {
                                  "actions": {},
                                  "runAfter": {},
                                  "else": {
                                    "actions": {
                                      "Assign_To_Alex": {
                                        "actions": {},
                                        "runAfter": {},
                                        "else": {
                                          "actions": {
                                            "Send_an_email_(V2)": {
                                              "runAfter": {},
                                              "metadata": {
                                                "operationMetadataId": "fef4de7e-f70b-4da0-b703-44b7b79fff03"
                                              },
                                              "type": "OpenApiConnection",
                                              "inputs": {
                                                "host": {
                                                  "connectionName": "shared_office365",
                                                  "operationId": "SendEmailV2",
                                                  "apiId": "/providers/Microsoft.PowerApps/apis/shared_office365"
                                                },
                                                "parameters": {
                                                  "emailMessage/To": "dylan.summer@neetrac.gatech.edu",
                                                  "emailMessage/Subject": "No one Assigned to Internal Service Log ID: @{triggerOutputs()?['body/Title']}",
                                                  "emailMessage/Body": "<p>An option was selected for Request Type where an Assigned person could not be found.<br>\n<br>\nBest<br>\nNEETRAC Power Automate Flow</p>",
                                                  "emailMessage/Importance": "Normal"
                                                },
                                                "authentication": "@parameters('$authentication')"
                                              }
                                            }
                                          }
                                        },
                                        "expression": {
                                          "or": [
                                            {
                                              "contains": [
                                                "@triggerOutputs()?['body/Request_x0020_Type/Value']",
                                                "Safety "
                                              ]
                                            },
                                            {
                                              "contains": [
                                                "@triggerOutputs()?['body/Request_x0020_Type/Value']",
                                                "QMS "
                                              ]
                                            }
                                          ]
                                        },
                                        "metadata": {
                                          "operationMetadataId": "74b06b0d-8045-4708-b93e-0b5da73edaa2"
                                        },
                                        "type": "If"
                                      }
                                    }
                                  },
                                  "expression": {
                                    "or": [
                                      {
                                        "equals": [
                                          "@triggerOutputs()?['body/Request_x0020_Type/Value']",
                                          "Private Website Issue / Request"
                                        ]
                                      },
                                      {
                                        "contains": [
                                          "@triggerOutputs()?['body/Request_x0020_Type/Value']",
                                          "IT"
                                        ]
                                      }
                                    ]
                                  },
                                  "metadata": {
                                    "operationMetadataId": "711394a3-11ae-4f99-8bab-db3239701a04"
                                  },
                                  "type": "If"
                                }
                              }
                            },
                            "expression": {
                              "contains": [
                                "@triggerOutputs()?['body/Request_x0020_Type/Value']",
                                "Facilities "
                              ]
                            },
                            "metadata": {
                              "operationMetadataId": "8063208e-2bf4-4e0b-b992-46d02a2d0efe"
                            },
                            "type": "If"
                          }
                        }
                      },
                      "expression": {
                        "or": [
                          {
                            "contains": [
                              "@triggerOutputs()?['body/Request_x0020_Type/Value']",
                              "Baseline"
                            ]
                          },
                          {
                            "equals": [
                              "@triggerOutputs()?['body/Title']",
                              "NEETRAC Apparel Request"
                            ]
                          },
                          {
                            "equals": [
                              "@triggerOutputs()?['body/Request_x0020_Type/Value']",
                              "Newsletter Idea / Request"
                            ]
                          },
                          {
                            "equals": [
                              "@triggerOutputs()?['body/Request_x0020_Type/Value']",
                              "Public Website Issue / Request"
                            ]
                          },
                          {
                            "equals": [
                              "@triggerOutputs()?['body/Request_x0020_Type/Value']",
                              "Staff Engagement Committee Idea / Request"
                            ]
                          }
                        ]
                      },
                      "metadata": {
                        "operationMetadataId": "0a625aab-0989-4f9d-a5ff-04715ab19716"
                      },
                      "type": "If"
                    }
                  }
                },
                "expression": {
                  "equals": [
                    "@triggerOutputs()?['body/Request_x0020_Type/Value']",
                    "Accounting / NFAS Requests"
                  ]
                },
                "metadata": {
                  "operationMetadataId": "3e1b14ac-f387-485f-852e-d4692ac77cf0"
                },
                "type": "If"
              }
            }
          },
          "expression": {
            "or": [
              {
                "or": [
                  {
                    "equals": [
                      "@triggerOutputs()?['body/Request_x0020_Type/Value']",
                      "General Request"
                    ]
                  },
                  {
                    "equals": [
                      "@triggerOutputs()?['body/Request_x0020_Type/Value']",
                      "Equipment Request"
                    ]
                  },
                  {
                    "equals": [
                      "@triggerOutputs()?['body/Request_x0020_Type/Value']",
                      "SharePoint Issue / Request"
                    ]
                  }
                ]
              }
            ]
          },
          "metadata": {
            "operationMetadataId": "821acb1f-0741-4446-90ee-c43247eae33f"
          },
          "type": "If"
        }
      }
    },
    "templateName": null
  },
  "schemaVersion": "1.0.0.0"
}