{
  "properties": {
    "connectionReferences": {
      "shared_sharepointonline": {
        "runtimeSource": "embedded",
        "connection": {
          "connectionReferenceLogicalName": "neetrac_sharedsharepointonline_4aaa9"
        },
        "api": {
          "name": "shared_sharepointonline"
        }
      },
      "shared_office365-1": {
        "runtimeSource": "embedded",
        "connection": {
          "connectionReferenceLogicalName": "neetrac_sharedoffice365_d014c"
        },
        "api": {
          "name": "shared_office365"
        }
      }
    },
    "definition": {
      "$schema": "https://schema.management.azure.com/providers/Microsoft.Logic/schemas/2016-06-01/workflowdefinition.json#",
      "contentVersion": "1.0.0.0",
      "parameters": {
        "$authentication": {
          "defaultValue": {},
          "type": "SecureObject"
        },
        "$connections": {
          "defaultValue": {},
          "type": "Object"
        }
      },
      "triggers": {
        "When_an_item_is_created": {
          "recurrence": {
            "frequency": "Minute",
            "interval": 5
          },
          "splitOn": "@triggerOutputs()?['body/value']",
          "metadata": {
            "operationMetadataId": "3b81d413-f5f0-4dfe-badb-7d8eb4c049ef"
          },
          "type": "OpenApiConnection",
          "inputs": {
            "parameters": {
              "dataset": "https://gtvault.sharepoint.com/sites/neetrac",
              "table": "107169b4-00f6-4262-a23e-00d4e29bf0b8"
            },
            "host": {
              "apiId": "/providers/Microsoft.PowerApps/apis/shared_sharepointonline",
              "operationId": "GetOnNewItems",
              "connectionName": "shared_sharepointonline"
            }
          }
        }
      },
      "actions": {
        "Send_an_email_(V2)": {
          "runAfter": {
            "Update_item": [
              "Succeeded"
            ]
          },
          "metadata": {
            "operationMetadataId": "b659d178-f9fd-4637-8ecc-37b9f8ba5d05"
          },
          "type": "OpenApiConnection",
          "inputs": {
            "parameters": {
              "emailMessage/To": "@{triggerOutputs()?['body/Author/Email']};@{triggerOutputs()?['body/Assigned_x0020_To/Email']}; dylan.summer@neetrac.gatech.edu",
              "emailMessage/Subject": "NEW SR Log",
              "emailMessage/Body": "<p class=\"editor-paragraph\"><b><strong class=\"editor-text-bold\">A new SR Log item has been created.</strong></b></p><p class=\"editor-paragraph\"></p><br><p class=\"editor-paragraph\"><b><strong class=\"editor-text-bold\">Request ID: </strong></b>@{body('Update_item')?['Title']}</p><p class=\"editor-paragraph\"></p><br><p class=\"editor-paragraph\"><b><strong class=\"editor-text-bold\">Request Title: </strong></b>@{triggerBody()?['Request_x0020_Title']}</p><p class=\"editor-paragraph\"></p><br><p class=\"editor-paragraph\"><b><strong class=\"editor-text-bold\">Request Type: </strong></b>@{triggerOutputs()?['body/Request_x0020_Type/Value']}</p><p class=\"editor-paragraph\"></p><br><p class=\"editor-paragraph\"><b><strong class=\"editor-text-bold\">Details: </strong></b>@{triggerOutputs()?['body/Details']}</p><p class=\"editor-paragraph\"></p><br><p class=\"editor-paragraph\"><b><strong class=\"editor-text-bold\">Contact Number: </strong></b>@{triggerOutputs()?['body/Contact_x0020_Number']}</p><p class=\"editor-paragraph\"></p><br><p class=\"editor-paragraph\"><b><strong class=\"editor-text-bold\">Equipment Location: </strong></b>@{triggerOutputs()?['body/Equipment_x0020_Location']}</p><p class=\"editor-paragraph\"></p><br><p class=\"editor-paragraph\"><b><strong class=\"editor-text-bold\">Priority: </strong></b>@{triggerBody()?['Priority']?['Value']}</p><p class=\"editor-paragraph\"></p><br><p class=\"editor-paragraph\"><b><strong class=\"editor-text-bold\">Comments: </strong></b>@{triggerOutputs()?['body/Comments']}</p><p class=\"editor-paragraph\"></p><br><p class=\"editor-paragraph\"><b><strong class=\"editor-text-bold\">Assigned To: </strong></b>@{triggerOutputs()?['body/Assigned_x0020_To/DisplayName']}</p><p class=\"editor-paragraph\"></p><br><p class=\"editor-paragraph\"><a class=\"editor-link\" href=\"@{triggerOutputs()?['body/{Link}']}\"><b><strong class=\"editor-text-bold\">Item Link</strong></b></a></p><p class=\"editor-paragraph\"></p><br><p class=\"editor-paragraph\"></p><br><p class=\"editor-paragraph\"></p><br><p class=\"editor-paragraph\"></p><br><p class=\"editor-paragraph\"></p><br>",
              "emailMessage/Importance": "Normal"
            },
            "host": {
              "apiId": "/providers/Microsoft.PowerApps/apis/shared_office365",
              "operationId": "SendEmailV2",
              "connectionName": "shared_office365-1"
            }
          }
        },
        "Update_item": {
          "runAfter": {},
          "type": "OpenApiConnection",
          "inputs": {
            "parameters": {
              "dataset": "https://gtvault.sharepoint.com/sites/neetrac",
              "table": "107169b4-00f6-4262-a23e-00d4e29bf0b8",
              "id": "@triggerBody()?['ID']",
              "item/Title": "@concat('SR',triggerBody()?['ID'])",
              "item/Request_x0020_Title": " @{triggerBody()?['Request_x0020_Title']}",
              "item/Details": "@triggerBody()?['Details']",
              "item/Status/Value": "Initiated"
            },
            "host": {
              "apiId": "/providers/Microsoft.PowerApps/apis/shared_sharepointonline",
              "operationId": "PatchItem",
              "connectionName": "shared_sharepointonline"
            }
          }
        }
      }
    },
    "templateName": null
  },
  "schemaVersion": "1.0.0.0"
}