{
  "properties": {
    "connectionReferences": {
      "shared_sharepointonline": {
        "runtimeSource": "embedded",
        "connection": {
          "connectionReferenceLogicalName": "neetrac_sharedsharepointonline_4aaa9"
        },
        "api": {
          "name": "shared_sharepointonline"
        }
      },
      "shared_office365": {
        "runtimeSource": "embedded",
        "connection": {
          "connectionReferenceLogicalName": "neetrac_sharedoffice365_29e37"
        },
        "api": {
          "name": "shared_office365"
        }
      }
    },
    "definition": {
      "$schema": "https://schema.management.azure.com/providers/Microsoft.Logic/schemas/2016-06-01/workflowdefinition.json#",
      "contentVersion": "1.0.0.0",
      "parameters": {
        "$authentication": {
          "defaultValue": {},
          "type": "SecureObject"
        },
        "$connections": {
          "defaultValue": {},
          "type": "Object"
        }
      },
      "triggers": {
        "When_an_item_is_created_or_modified": {
          "recurrence": {
            "frequency": "Minute",
            "interval": 5
          },
          "splitOn": "@triggerOutputs()?['body/value']",
          "metadata": {
            "operationMetadataId": "06493a16-a73d-4999-abfe-2d44679d0c2f"
          },
          "type": "OpenApiConnection",
          "inputs": {
            "parameters": {
              "dataset": "https://gtvault.sharepoint.com/sites/neetrac",
              "table": "107169b4-00f6-4262-a23e-00d4e29bf0b8"
            },
            "host": {
              "apiId": "/providers/Microsoft.PowerApps/apis/shared_sharepointonline",
              "operationId": "GetOnUpdatedItems",
              "connectionName": "shared_sharepointonline"
            }
          }
        }
      },
      "actions": {
        "Condition_1": {
          "actions": {
            "Condition": {
              "actions": {
                "Send_an_email_(V2)": {
                  "metadata": {
                    "operationMetadataId": "53896cd9-a9cf-428b-8e15-dce4232a7edb"
                  },
                  "type": "OpenApiConnection",
                  "inputs": {
                    "parameters": {
                      "emailMessage/To": "@{triggerOutputs()?['body/Editor/Email']};@{triggerOutputs()?['body/Assigned_x0020_To/Email']};dylan.summer@neetrac.gatech.edu",
                      "emailMessage/Subject": "SR Log @{triggerOutputs()?['body/Title']} Item Updated",
                      "emailMessage/Body": "<p class=\"editor-paragraph\"><b><strong class=\"editor-text-bold\">RequestID: </strong></b>@{triggerOutputs()?['body/Title']}</p><p class=\"editor-paragraph\"></p><br><p class=\"editor-paragraph\"><b><strong class=\"editor-text-bold\">Request Title: </strong></b>@{triggerOutputs()?['body/Request_x0020_Title']}</p><p class=\"editor-paragraph\"></p><br><p class=\"editor-paragraph\"><b><strong class=\"editor-text-bold\">Request Type: </strong></b>@{triggerOutputs()?['body/Request_x0020_Type/Value']}</p><p class=\"editor-paragraph\"></p><br><p class=\"editor-paragraph\"><b><strong class=\"editor-text-bold\">Details: </strong></b>@{triggerOutputs()?['body/Details']}</p><p class=\"editor-paragraph\"></p><br><p class=\"editor-paragraph\"><b><strong class=\"editor-text-bold\">Contact Number: </strong></b>@{triggerOutputs()?['body/Contact_x0020_Number']}</p><p class=\"editor-paragraph\"></p><br><p class=\"editor-paragraph\"><b><strong class=\"editor-text-bold\">Equipment Location: </strong></b>@{triggerOutputs()?['body/Equipment_x0020_Location']}</p><p class=\"editor-paragraph\"></p><br><p class=\"editor-paragraph\"><b><strong class=\"editor-text-bold\">Priority: </strong></b>@{triggerOutputs()?['body/Priority/Value']}</p><p class=\"editor-paragraph\"></p><br><p class=\"editor-paragraph\"><b><strong class=\"editor-text-bold\">Comments: </strong></b>@{triggerOutputs()?['body/Comments']}</p><p class=\"editor-paragraph\"></p><br><p class=\"editor-paragraph\"><b><strong class=\"editor-text-bold\">Assigned To: </strong></b>@{triggerOutputs()?['body/Assigned_x0020_To/DisplayName']}</p><p class=\"editor-paragraph\"></p><br><p class=\"editor-paragraph\"><b><strong class=\"editor-text-bold\">Status: </strong></b>@{triggerOutputs()?['body/Status/Value']}</p><p class=\"editor-paragraph\"></p><br><p class=\"editor-paragraph\"><b><strong class=\"editor-text-bold\">ECD: </strong></b>@{triggerOutputs()?['body/ECD']}</p><p class=\"editor-paragraph\"></p><br><p class=\"editor-paragraph\"><a class=\"editor-link\" href=\"@{triggerOutputs()?['body/{Link}']}\"><b><strong class=\"editor-text-bold\">Item Link</strong></b></a></p>",
                      "emailMessage/Importance": "Normal"
                    },
                    "host": {
                      "apiId": "/providers/Microsoft.PowerApps/apis/shared_office365",
                      "operationId": "SendEmailV2",
                      "connectionName": "shared_office365"
                    }
                  }
                }
              },
              "else": {
                "actions": {}
              },
              "expression": {
                "greater": [
                  "@triggerOutputs()?['body/Modified']",
                  "@triggerOutputs()?['body/Created']"
                ]
              },
              "metadata": {
                "operationMetadataId": "1cb1b618-e81e-49a4-9bb5-082bb3f2786b"
              },
              "type": "If"
            }
          },
          "runAfter": {},
          "else": {
            "actions": {}
          },
          "expression": {
            "and": [
              {
                "not": {
                  "equals": [
                    "@triggerBody()?['Title']",
                    "Pending"
                  ]
                }
              }
            ]
          },
          "type": "If"
        }
      },
      "outputs": {}
    },
    "templateName": null
  },
  "schemaVersion": "1.0.0.0"
}