{"name":"02d1b2dd-4e8c-4cb7-bd86-d71dd736d5fc","id":"/providers/Microsoft.Flow/flows/02d1b2dd-4e8c-4cb7-bd86-d71dd736d5fc","type":"Microsoft.Flow/flows","properties":{"apiId":"/providers/Microsoft.PowerApps/apis/shared_logicflows","displayName":"ORGT MTB Message sender","definition":{"metadata":{"workflowEntityId":null,"processAdvisorMetadata":null,"flowChargedByPaygo":null,"flowclientsuspensionreason":"None","flowclientsuspensiontime":null,"flowclientsuspensionreasondetails":"","creator":{"id":"0514356a-9abf-4825-9f1d-869a72eda8c6","type":"User","tenantId":"482198bb-ae7b-4b25-8b7a-6d7f32faa083"},"provisioningMethod":"FromDefinition","failureAlertSubscription":true,"clientLastModifiedTime":"2024-08-28T02:11:53.1470244Z","connectionKeySavedTimeKey":"2024-08-28T01:52:29.6546656Z"},"$schema":"https://schema.management.azure.com/providers/Microsoft.Logic/schemas/2016-06-01/workflowdefinition.json#","contentVersion":"undefined","parameters":{"$authentication":{"defaultValue":{},"type":"SecureObject"},"$connections":{"defaultValue":{},"type":"Object"}},"triggers":{"Recurrence":{"recurrence":{"frequency":"Day","interval":1,"startTime":"2024-08-25T14:00:00.000Z","timeZone":"Eastern Standard Time"},"type":"Recurrence"}},"actions":{"Reply_with_a_message_in_a_channel":{"runAfter":{},"type":"OpenApiConnection","inputs":{"parameters":{"poster":"Flow bot","location":"Channel","body/parentMessageId":"1724641045122","body/recipient/groupId":"7765e0c9-2bd0-4fde-b861-733ebab99de1","body/recipient/channelId":"19:351e1d256c5e4ca5b08d19e7d169e083@thread.tacv2","body/messageBody":"<p class=\"editor-paragraph\"><b><strong style=\"font-size: 20px;\" class=\"editor-text-bold\">Staff pls fill form</strong></b></p>"},"host":{"apiId":"/providers/Microsoft.PowerApps/apis/shared_teams","connectionName":"shared_teams","operationId":"ReplyWithMessageToConversation"},"authentication":"@parameters('$authentication')"}}}},"connectionReferences":{"shared_teams":{"connectionName":"shared-teams-48a50b4e-08db-4c79-b2bc-bb0e6ebcae90","source":"Embedded","id":"/providers/Microsoft.PowerApps/apis/shared_teams","tier":"NotSpecified"}},"flowFailureAlertSubscribed":false,"isManaged":false}}