{"schemaVersion":"1.0","appDefinitionTemplate":{"id":"/providers/Microsoft.PowerApps/apps/","type":"Microsoft.PowerApps/apps","tags":{"primaryDeviceWidth":"1185","primaryDeviceHeight":"1000","supportsPortrait":"true","supportsLandscape":"true","primaryFormFactor":"Web","showStatusBar":"false","publisherVersion":"3.24095.15","minimumRequiredApiVersion":"2.2.0","hasComponent":"true","hasUnlockedComponent":"true","isUnifiedRootApp":"false","sienaVersion":"20241019T222213Z-3.24095.15.0"},"properties":{"appVersion":"2024-10-19T22:22:13Z","lifeCycleId":"Published","createdByClientVersion":{"major":3,"minor":24095,"build":15,"revision":0,"majorRevision":0,"minorRevision":0},"minClientVersion":{"major":3,"minor":24095,"build":15,"revision":0,"majorRevision":0,"minorRevision":0},"backgroundColor":"RGBA(0,176,240,1)","backgroundImageUri":"/9943058578992031487/N9905a49c-0076-496c-8806-7e395ffc9088-logoSmallFile","displayName":"Calibration Database 2024 on Test CR Log forms","description":"","commitMessage":"","appUris":{"documentUri":{"value":"/9943058578992031487/N7111cda4-9898-459b-8da2-f9e44fbacda1-document.msapp"},"imageUris":[],"additionalUris":[{"isSolutionAware":false,"value":"/9943058578992031487/Nad93936f-888c-4afd-ae5d-0629eb7d1128-identity.json"}]},"createdTime":"0001-01-01T00:00:00Z","lastModifiedTime":"0001-01-01T00:00:00Z","sharedGroupsCount":0,"sharedUsersCount":0,"connectionReferences":{"c401fed4-ef34-43bc-93e8-f5a34e7ba19d":{"id":"5b9ffe50-c0a9-49c4-a396-7e19c6682c4d","displayName":"SharePoint","iconUri":"https://connectoricons-prod.azureedge.net/u/jayawan/releases/v1.0.1697/1.0.1697.3786/sharepointonline/icon.png","dataSources":["Calibration Database 2024","Test Customer Request Log","NEETRAC Employees","NEETRAC Location-Areas","NEETRAC Locations"],"dependencies":[],"dependents":[],"parameterHints":{},"parameterHintsV2":{},"isOnPremiseConnection":false,"bypassConsent":true,"dataSets":{"https://gtvault.sharepoint.com/sites/neetrac/TestCRLog":{"dataSources":{"Calibration Database 2024":{"tableName":"5b307602-872e-47d8-827d-6fedd9196b50"},"Test Customer Request Log":{"tableName":"446befe1-58f1-499d-ab78-62fa21063975"},"NEETRAC Employees":{"tableName":"dc3ff691-b153-4724-bd4b-c8da2e576d87"}}},"https://gtvault.sharepoint.com/sites/neetrac":{"dataSources":{"NEETRAC Location-Areas":{"tableName":"3c7d3283-189a-4737-a6b9-b6b651986a23"},"NEETRAC Locations":{"tableName":"b708c44e-dcf3-4af0-995c-f840410eced8"}}}},"apiTier":"Standard","isCustomApiConnection":false,"actions":["providers/PowerPlatform.Governance/Operations/Read","providers/PowerPlatform.Governance/Operations/Write"]}},"databaseReferences":{},"embeddedApp":{"siteId":"https://gtvault.sharepoint.com/sites/neetrac/TestCRLog","listId":"5b307602-872e-47d8-827d-6fedd9196b50","listUrl":"https://gtvault.sharepoint.com/sites/neetrac/TestCRLog/Lists/Calibration Database 2024/AllItems.aspx","type":"SharepointFormApp","screenWidth":1185,"screenHeight":1000},"almMode":"Environment","performanceOptimizationEnabled":true,"canConsumeAppPass":true,"enableModernRuntimeMode":false,"executionRestrictions":{"isTeamsOnly":false,"dataLossPreventionEvaluationResult":{"status":"Compliant","lastEvaluationDate":"2024-10-11T22:23:41.4004851Z","violations":[],"violationsByPolicy":[],"violationErrorMessage":"The app uses the following connectors: shared_sharepointonline."}}},"appType":"ClassicCanvasApp","appComponents":[]}}